U+1F600	😀	嘿嘿 笑脸
U+1F603	😃	哈哈 笑脸 露齿笑
U+1F604	😄	大笑 笑脸 哈 哈哈 开心 憨憨 高兴
U+1F601	😁	嘻嘻 笑脸 咧嘴笑 嘿嘿
U+1F606	😆	斜眼笑 笑脸 傻笑 好耶 开心 眯眼笑 笑晕 笑死 高兴
U+1F605	😅	苦笑 笑脸 冒汗 冷汗 尴尬 无语
U+1F923	🤣	笑得满地打滚 笑脸 打滚 地板 大笑 打滚儿 笑出眼泪 笑哭 笑哭了 笑得打滚 笑得打滚儿 笑得满地打滚儿
U+1F602	😂	笑哭了 笑脸 笑哭 大笑 眼泪 笑出眼泪
U+1F642	🙂	呵呵 笑脸
U+1F643	🙃	倒脸 笑脸 呵呵 颠倒 颠倒的脸
U+1FAE0	🫠	融化 笑脸 消失 溶解
U+1F609	😉	眨眼 笑脸 媚眼 抛媚眼
U+1F60A	😊	羞涩微笑 笑脸 害羞 羞涩 脸红
U+1F607	😇	微笑天使 笑脸 光环 天真
U+1F970	🥰	喜笑颜开 笑脸 坠入爱河 幸福 爱心环绕 爱慕 迷恋 陷入爱河
U+1F60D	😍	花痴 笑脸 喜欢 爱 色
U+1F929	🤩	好崇拜哦 笑脸 崇拜 好崇拜 星星眼 眼冒星星
U+1F618	😘	飞吻 笑脸 亲一下 亲一个 亲亲 啵一个 啵儿一个 眨眼
U+1F617	😗	亲亲 笑脸 噘嘴
U+263A	☺	微笑 笑脸 呵呵 放松
U+1F61A	😚	羞涩亲亲 笑脸 亲亲 羞涩 闭眼
U+1F619	😙	微笑亲亲 笑脸 亲亲 微笑
U+1F972	🥲	含泪的笑脸 笑脸 含泪笑脸 感动 欣慰
U+1F60B	😋	好吃 笑脸 津津有味 美味
U+1F61B	😛	吐舌 笑脸 吐舌头 略略略 调皮
U+1F61C	😜	单眼吐舌 笑脸 吐舌 吐舌头 开玩笑 捣蛋 略略略 调皮
U+1F92A	🤪	滑稽 笑脸 傻瓜 傻瓜脸 大眼
U+1F61D	😝	眯眼吐舌 笑脸 吐舌 可怕 吐舌头 嘲笑 开玩笑 略略略 眯眼
U+1F911	🤑	发财 笑脸 拜金 见钱眼开 财迷 钱眼 钱眼儿
U+1F917	🤗	抱抱 笑脸 拥抱
U+1F92D	🤭	不说 笑脸 好笑 捂上嘴巴 捂住嘴巴 捂嘴 捂嘴巴 捂嘴笑 捂着嘴巴 捂着嘴笑
U+1FAE2	🫢	睁眼捂嘴 笑脸 捂嘴 不敢相信
U+1FAE3	🫣	偷看 笑脸 不敢看 偷偷看 偷偷瞧 单眼偷看 我不敢看 画面太美我不敢看 那画面太美我不敢看
U+1F92B	🤫	安静的脸 笑脸 安静 别说话 嘘 小声 小声点 小声点儿 小点儿声 小点声
U+1F914	🤔	想一想 笑脸 不明白 不理解 可能 呃 奇怪 奇怪了 容我三思 思考 想想 我再想想 我想想 深思 深思的脸 疑惑 疑问
U+1FAE1	🫡	致敬 笑脸 尊敬 尊重 敬礼 瑞思拜
U+1F910	🤐	闭嘴 笑脸 不能说 不要说 不说 保密 守密 封口 拉上拉链 禁言 秘密
U+1F928	🤨	挑眉 笑脸 不信任 怀疑 眉毛上挑 眉毛上挑的脸
U+1F610	😐	冷漠 笑脸 平静
U+1F611	😑	无语 茫然 面无表情
U+1F636	😶	沉默 没嘴 没有嘴 没有嘴巴
U+1FAE5	🫥	虚线脸 消失 虚线轮廓 隐形 隐藏
U+1F636-200D-1F32B-FE0F	😶‍🌫️	迷茫 云中 云中的脸
U+1F60F	😏	得意 笑脸 假笑 得意地笑
U+1F612	😒	不高兴 生气 不屑 不服 郁闷 鄙视
U+1F644	🙄	翻白眼 白眼 无语 白眼儿 翻白眼儿
U+1F62C	😬	龇牙咧嘴 咬牙 咬牙切齿 鬼脸 龇牙
U+1F62E-200D-1F4A8	😮‍💨	呼气 叹气 唉 无奈
U+1F925	🤥	说谎 乌索普 乱讲 匹诺曹 撒谎 胡说 长鼻 长鼻子 骗人 骗人布 骗子
U+1FAE8	🫨	颤抖 摇头晃脑 猛摇头 甩头 颤抖的脸
U+1F642-200D-2194-FE0F	🙂‍↔️	左右摇头 摇头
U+1F642-200D-2195-FE0F	🙂‍↕️	上下点头 点头
U+1F60C	😌	松了口气 如释重负 松了一口气 松口气 释然
U+1F614	😔	沉思 低头忧伤 心事重重 忧虑
U+1F62A	😪	困 犯困 困乏 困了 困倦 困困 打瞌睡 睡觉
U+1F924	🤤	流口水 口水 垂涎三尺
U+1F634	😴	睡着了 睡着 呼噜 睡了 睡眠 睡觉
U+1FAE9	🫩	眼袋脸 眼袋
U+1F637	😷	感冒 口罩 医生 戴口罩 生病
U+1F912	🤒	发烧 体温计 温度计 生病 量体温
U+1F915	🤕	受伤 绷带 缠满绷带 缠绷带 负伤
U+1F922	🤢	恶心 反胃 想吐
U+1F92E	🤮	呕吐 吐 不舒服 吐了 吐出来
U+1F927	🤧	打喷嚏 喷嚏 感冒 擤鼻子 擤鼻涕 鼻炎
U+1F975	🥵	脸发烧 发烧 出汗 发热 好热 很热 热死 热死了 爆辣 超级辣 超辣 辣死 辣死了
U+1F976	🥶	冷脸 冷 寒冷 冰冷 冷冰冰 冷死 冷死了 冻僵 冻僵了 冻死 冻死了 好冷 很冷 满面寒霜
U+1F974	🥴	头昏眼花 头晕 晕 喝多 喝多了 喝醉 喝醉了 微醺 昏昏沉沉 酒醉 醉醺醺
U+1F635	😵	晕头转向 头晕 晕 头晕目眩 头晕眼花 我晕 晕了 晕头
U+1F635-200D-1F4AB	😵‍💫	晕 头晕 头晕目眩 头晕眼花 我晕 晕了 晕头 晕头转向
U+1F92F	🤯	爆炸头 大脑爆炸 头爆炸 爆头 爆炸脑 脑子爆炸 脑袋爆炸 震惊
U+1F920	🤠	牛仔帽脸 笑脸 牛仔 牛仔帽
U+1F973	🥳	聚会笑脸 笑脸 聚会 庆祝 开淫趴 开趴 开银趴 派对 派对脸
U+1F978	🥸	伪装的脸 笑脸 伪装 隐瞒身份
U+1F60E	😎	墨镜笑脸 笑脸 墨镜 太阳镜 自信 酷
U+1F913	🤓	书呆子脸 笑脸 书呆子
U+1F9D0	🧐	带单片眼镜的脸 眼镜 单片眼镜 古板 探究 研究
U+1F615	😕	困扰 不屑 不懂 困惑 疑惑
U+1FAE4	🫤	郁闷 不确定 撇嘴
U+1F61F	😟	担心 担忧 焦虑
U+1F641	🙁	微微不满 不满 一脸不悦 不开心 不高兴 委屈 心情不好
U+2639	☹	不满 不爽 不高兴 皱眉
U+1F62E	😮	吃惊 惊讶 同情 哦 啊
U+1F62F	😯	缄默 沉默 吃惊 好奇 惊讶
U+1F632	😲	震惊 惊讶 吃惊 啊
U+1F633	😳	脸红 害羞 愣住 羞涩 茫然 迷茫
U+1F97A	🥺	恳求的脸 恳求 可怜 可怜兮兮 好嘛 怜悯 求你了 求求你 求求你了
U+1F979	🥹	忍住泪水 眼泪 泪水 可怜 含泪 委屈 强忍泪水 热泪盈眶 要哭了
U+1F626	😦	啊 笑脸 吃惊 惊讶 目瞪口呆 震惊
U+1F627	😧	极度痛苦 痛苦 吃惊 啊 惊讶 难受 震惊
U+1F628	😨	害怕 可怕 恐怖 恐惧
U+1F630	😰	冷汗 害怕 冒汗 冒汗焦虑 尴尬 无语 紧张
U+1F625	😥	失望但如释重负 失望 如释重负 难过但释然
U+1F622	😢	哭 伤心 哭了 哭泣 流泪 流眼泪
U+1F62D	😭	放声大哭 大哭 哭了 哭泣 流泪 流眼泪 痛哭
U+1F631	😱	吓死了 害怕 可怕 吓人 吓死 尖叫 恐怖 恐惧 恐惧尖叫 惊声尖叫
U+1F616	😖	困惑 焦头烂额 纠结
U+1F623	😣	痛苦 忍耐 难受
U+1F61E	😞	失望 不高兴 难过
U+1F613	😓	汗 倒霉 冒汗 冷汗 尴尬 无语
U+1F629	😩	累死了 累 焦虑 焦躁 疲倦 疲劳 疲惫
U+1F62B	😫	累 抓狂
U+1F971	🥱	打呵欠 呵欠 哈欠 困 困了 困倦 打哈欠 无聊
U+1F624	😤	傲慢 哼 哼哼 字符 胜利 趾高气昂 鼻子冒气
U+1F621	😡	怒火中烧 生气 发火 发飙 怒 愤怒 气人 烦死 烦死了 烦死人 烦死啦
U+1F620	😠	生气 微怒 愤怒 气人
U+1F92C	🤬	嘴上有符号的脸 生气 你妈死了 傻逼 出口成脏 发誓 咒骂 操你妈 肏你妈 脏话 说脏话 骂人
U+1F608	😈	恶魔微笑 恶魔 微笑 微笑恶魔 微笑的恶魔 犄角 魔鬼
U+1F47F	👿	生气的恶魔 生气 恶魔 恶魔生气 愤怒 生气恶魔 顽童 魔鬼
U+1F480	💀	头骨 骷髅 死 死亡 骷髅头
U+2620	☠	骷髅 头骨 死 死亡 骷髅头 骷髅和交叉腿骨
U+1F4A9	💩	大便 便便 屎 拉便便 拉大便 拉屎 拉粑粑
U+1F921	🤡	小丑脸 小丑
U+1F479	👹	食人魔 恶魔 怪物 鬼 鬼怪
U+1F47A	👺	小妖精 妖精 妖怪
U+1F47B	👻	鬼 妖怪 幽灵 鬼魂 鬼怪 魑魅魍魉
U+1F47D	👽	外星人
U+1F47E	👾	外星怪物 外星人 怪物 外星 异形怪兽 飞碟
U+1F916	🤖	机器人
U+1F63A	😺	大笑的猫 猫 大笑 哈哈猫 开心猫 开心猫脸 开心的猫
U+1F638	😸	微笑的猫 猫 微笑 微笑猫 微笑猫脸
U+1F639	😹	笑出眼泪的猫 猫 眼泪 喜极而泣 快乐 笑中带泪
U+1F63B	😻	花痴的猫 猫 花痴 喜欢 花痴猫 花痴猫脸
U+1F63C	😼	奸笑的猫 猫 奸笑 得意猫 得意猫脸 得意的猫 讽刺
U+1F63D	😽	亲亲猫 猫 亲亲 亲亲猫脸 亲亲的猫
U+1F640	🙀	疲倦的猫 猫 疲倦 害怕猫 害怕猫脸 害怕的猫 恐惧猫 恐惧猫脸 恐惧的猫
U+1F63F	😿	哭泣的猫 猫 哭 哭泣 眼泪 哭泣猫 哭泣猫脸 酷猫 难过
U+1F63E	😾	生气的猫 猫 生气 噘嘴猫 噘嘴猫脸 噘嘴的猫 生气猫 生气猫脸
U+1F648	🙈	非礼勿视 猴子 不看 我不看 没眼看 蒙住眼睛 蒙眼 蒙眼睛
U+1F649	🙉	非礼勿听 猴子 不听 堵上耳朵 堵住耳朵 堵着耳朵 堵耳 堵耳朵 我不听 捂上耳朵 捂住耳朵 捂着耳朵 捂耳 捂耳朵
U+1F64A	🙊	非礼勿言 猴子 不说 不说话 捂上嘴巴 捂住嘴巴 捂嘴 捂嘴巴 捂着嘴巴
U+1F48C	💌	情书 爱书
U+1F498	💘	心中箭了 爱心 一箭穿心 丘比特 扎心 爱情
U+1F49D	💝	系有缎带的心 爱心 爱的礼物 送你一颗心 饰以丝带的心
U+1F496	💖	闪亮的心 爱心 激动 闪亮
U+1F497	💗	搏动的心 爱心 激动 紧张 膨胀的心 膨胀的爱心
U+1F493	💓	心跳 爱心 心动 爱 爱情
U+1F49E	💞	舞动的心 爱心 心连心 旋转 旋转的心 涌动
U+1F495	💕	两颗心 爱心 情侣 心心相印 爱情 粉色的心
U+1F49F	💟	心型装饰 爱心 心形 心形装饰
U+2763	❣	心叹号 爱心 心动
U+1F494	💔	心碎 伤心 失恋
U+2764-FE0F-200D-1F525	❤️‍🔥	火上之心 爱心 心在燃烧 心在着火 心火 燃烧的心 爱火
U+2764-FE0F-200D-1FA79	❤️‍🩹	修复受伤的心灵 爱心 受伤 受伤的心 心伤 治愈的心
U+2764	❤	红心 爱心
U+1FA77	🩷	粉红色的心 爱心 粉心 粉红心 粉色心 粉色的心
U+1F9E1	🧡	橙心 爱心 橘心 橘色心 橘色的心 橙色心 橙色的心
U+1F49B	💛	黄心 爱心 黄色心 黄色的心
U+1F49A	💚	绿心 爱心 绿色心 绿色的心
U+1F499	💙	蓝心 爱心 蓝色心 蓝色的心
U+1FA75	🩵	浅蓝色的心 爱心 淡蓝心 淡蓝色心 淡蓝色的心
U+1F49C	💜	紫心 爱心 紫色心 紫色的心
U+1F90E	🤎	棕心 爱心 棕色心 棕色的心
U+1F5A4	🖤	黑心 爱心 黑色心 黑色的心
U+1FA76	🩶	灰心 爱心 灰色心 灰色的心
U+1F90D	🤍	白心 爱心 白色心 白色的心
U+1F48B	💋	唇印 嘴唇 么么 么么哒 亲 亲吻 亲嘴 吻痕 红唇
U+1F4AF	💯	一百分 一百 满分 考试
U+1F4A2	💢	怒 生气 愤怒 火大 生气符号 青筋
U+1F4A5	💥	爆炸
U+1F4AB	💫	头晕 头晕目眩
U+1F4A6	💦	汗滴 水滴 水珠 汗
U+1F4A8	💨	尾气 奔 阵风
U+1F573	🕳	洞 下水道 坑 陷阱
U+1F4AC	💬	话语气泡 气泡 信息 发言 对话框 对话气泡
U+1F441-FE0F-200D-1F5E8-FE0F	👁️‍🗨️	眼睛对话框 眼睛 我是证人
U+1F5E8	🗨	朝左的话语气泡 气泡 对话框 对话气泡 朝左的对话气泡 话语
U+1F5EF	🗯	愤怒话语气泡 气泡 对话框 对话气泡 愤怒 愤怒对话框 愤怒对话气泡
U+1F4AD	💭	内心活动气泡 气泡 对话框 思考气泡 想法
U+1F4A4	💤	睡着 呼噜 昏睡 睡了 睡眠 睡眠符号 睡着了 晚安 睡觉
U+1F44B	👋	挥手 手掌 你好 再见 拜拜 摆手
U+1F91A	🤚	立起的手背 手掌 手背 手
U+1F590	🖐	手掌 布 手指张开 手指张开的手
U+270B	✋	举起手 手掌 举起的手 击掌
U+1F596	🖖	瓦肯举手礼 手掌 敬礼 斯波克 星际迷航 瓦肯
U+1FAF1	🫱	向右的手 手掌 向右 右手 向右伸的手 手向右 朝右
U+1FAF2	🫲	向左的手 手掌 向左 向左伸的手 左手 手向左 朝左
U+1FAF3	🫳	掌心向下的手 手掌 向下 手向下 手掌朝下 掌心朝下 放手
U+1FAF4	🫴	掌心向上的手 手掌 身上 伸手 手向上 手掌朝上 抬起 掌心朝上
U+1FAF7	🫷	向左推 手掌 向左 拒绝 向左推手 向左推的手 左手
U+1FAF8	🫸	向右推 手掌 向右 拒绝 右手 向右推手 向右推的手
U+1F44C	👌	好的 手指 手势 okok 好 好哒 没问题
U+1F90C	🤌	捏手指 手指 手势 兰花指 手指捏和 捏合
U+1F90F	🤏	捏合的手势 手指 手势 一点 一点儿 一点点 少许 少量
U+270C	✌	胜利手势 手指 手势 胜利 成功 两个 剪刀手 和平手势 哦耶 第二 赢了 赢咯 赢啦 yeah
U+1F91E	🤞	交叉的手指 手指 手势 幸运 手指交叉
U+1FAF0	🫰	食指与拇指交叉的手 手指 手势 钱钱 响指 打响指 比心 比心手势 食指和拇指交叉的手
U+1F91F	🤟	爱你的手势 手指 手势 我爱你 爱你手势
U+1F918	🤘	摇滚 手指 手势 摇滚手势 金属礼
U+1F919	🤙	给我打电话 手指 手势 打电话 call 六六六 回电话 打电话给我 打给我
U+1F448	👈	反手食指向左指 手指 手势 向左 左边 左面 往左 往左指
U+1F449	👉	反手食指向右指 手指 手势 向右 右边 右面 往右 往右指
U+1F446	👆	反手食指向上指 手指 手势 向上 上边 上面 往上 往上指
U+1F595	🖕	竖中指 手指 手势 中指 举中指 比中指
U+1F447	👇	反手食指向下指 手指 手势 向下 下边 下面 往下 往下指
U+261D	☝	食指向上指 手指 手势 向上 一个 第一 食指 空心上指索引
U+1FAF5	🫵	指向观察者的食指 手指 手势 你自己 就是你 指人 指你 指我 指着 指着你 食指指向观察者
U+1F44D	👍	拇指向上 手指 手势 向上 不错 厉害 同意 大拇指 大拇指向上 大拇指朝上 太棒 太棒了 太棒啦 好强 好棒 干得好 很好 很棒 棒啊 棒棒 棒棒哒 棒棒的 点赞 牛逼 特棒 真棒 绝了 表扬 赞成 非常棒 顶一下
U+1F44E	👎	拇指向下 手指 手势 向下 不好 不强 不棒 不赞成 反对 坏 大拇指 大拇指向下 大拇指朝下 太差 太差了 太差啦 差劲 拇指向上 责备
U+270A	✊	举起拳头 拳头 举起的拳头 握拳
U+1F44A	👊	出拳 拳头 干你 打你 打击 揍你 握紧的拳头 重拳出击
U+1F91B	🤛	朝左的拳头 拳头 右拳 右钩拳 左向拳
U+1F91C	🤜	朝右的拳头 拳头 右向拳 左拳 左钩拳
U+1F44F	👏	鼓掌 欢迎 啪 啪啪啪 拍手 拍掌
U+1F64C	🙌	举双手 双手 扬手欢呼
U+1FAF6	🫶	做成心形的双手 双手 爱心 比心 比心手势
U+1F450	👐	张开双手 双手 双手张开 摊手
U+1F932	🤲	掌心向上托起 托 双手 双手手掌向上 捧着 祷告
U+1F91D	🤝	握手 会面 协议 合作 合作愉快 搞定
U+1F64F	🙏	双手合十 双手 合十  合掌 感谢 拜托 求你了 求求你 求求你了 祈求 祈祷 祝福 谢谢 超度 阿弥陀佛
U+270D	✍	写字 手写
U+1F485	💅	涂指甲油 指甲 做指甲 做美甲
U+1F933	🤳	自拍
U+1F4AA	💪	肌肉 二头肌 健身 加油 努力 壮 奋斗 强 强壮 秀肌肉 肱二头 肱二头肌
U+1F9BE	🦾	机械手臂 机械 手臂 义体 义肢 机械臂 赛博朋克
U+1F9BF	🦿	机械腿 机械 腿 义体 义肢 赛博朋克
U+1F9B5	🦵	腿 大腿 练腿 腿儿
U+1F9B6	🦶	脚 脚丫 脚丫子 足 踢 踩
U+1F442	👂	耳朵 听 耳
U+1F9BB	🦻	戴助听器的耳朵 耳朵 助听器 听力障碍
U+1F443	👃	鼻子 呼吸 嗅 闻 鼻
U+1F9E0	🧠	脑 大脑 头脑 脑子 脑花
U+1FAC0	🫀	心脏器官 心脏
U+1FAC1	🫁	肺 吸气 呼吸作用 呼气
U+1F9B7	🦷	牙齿 牙 牙医 牙牙
U+1F9B4	🦴	骨头 骨骼 骨
U+1F440	👀	双眼 眼睛 注视 看 看看 观察
U+1F441	👁	眼睛 一只眼 一只眼睛 单眼 瞳孔
U+1F445	👅	舌头 舌 舔
U+1F444	👄	嘴 口 唇 嘴唇 嘴巴 红唇
U+1FAE6	🫦	咬住嘴唇 嘴唇 咬嘴唇 情调 诱惑 调情
U+1F476	👶	小宝贝 宝贝 小孩 乖宝 乖宝宝 婴儿 小宝贝儿 弟弟
U+1F9D2	🧒	儿童 孩子 小孩 小孩儿 小孩子 小朋友 小盆友 年轻人
U+1F466	👦	男孩 儿童 儿子 哥哥 小男孩 男生
U+1F467	👧	女孩 儿童 女儿 女生 小女孩
U+1F9D1	🧑	成人 大人
U+1F471	👱	金色头发的人 大人 金发 金发女 金发女人 金发女子 金色头发
U+1F468	👨	男人 成年男人 成年男性 父亲 爸爸 男 秃子 老爹
U+1F9D4	🧔	有胡子的人 男人 大叔 有胡须的人 络腮胡 胡子 胡须
U+1F9D4-200D-2642-FE0F	🧔‍♂️	有络腮胡子的男人 男人
U+1F9D4-200D-2640-FE0F	🧔‍♀️	有络腮胡子的女人 女人 胡子女 长胡子的女人
U+1F468-200D-1F9B0	👨‍🦰	男人 红发男 红发男人 红发男子
U+1F468-200D-1F9B1	👨‍🦱	男人 红发男 红发男人 红发男子
U+1F468-200D-1F9B3	👨‍🦳	男人 白发男 白发男人 白发男子 白色头发
U+1F468-200D-1F9B2	👨‍🦲	男人 光头男 光头男人 光头男子 和尚
U+1F469	👩	女人 女 妈妈 成年女人 成年女性 母亲 老妈
U+1F469-200D-1F9B0	👩‍🦰	女人 红发女 红发女人 红发女子 红头发
U+1F9D1-200D-1F9B0	🧑‍🦰	成人
U+1F469-200D-1F9B1	👩‍🦱	女人 卷发女 卷发女人 卷发女子
U+1F9D1-200D-1F9B1	🧑‍🦱	成人
U+1F469-200D-1F9B3	👩‍🦳	女人 白发女 白发女人 白发女子 白色头发
U+1F9D1-200D-1F9B3	🧑‍🦳	成人
U+1F469-200D-1F9B2	👩‍🦲	女人 光头女 光头女人 光头女子 尼姑
U+1F9D1-200D-1F9B2	🧑‍🦲	成人
U+1F471-200D-2640-FE0F	👱‍♀️	金发女 女人 金发女人 金发女子
U+1F471-200D-2642-FE0F	👱‍♂️	金发男 男人 金发男人 金发男子
U+1F9D3	🧓	老年人 老人 成人
U+1F474	👴	老爷爷 老人 外公 姥爷 祖父 老头 老头儿
U+1F475	👵	老奶奶 老人 外婆 姥姥 祖母 老太 老太太
U+1F64D	🙍	皱眉
U+1F64D-200D-2642-FE0F	🙍‍♂️	皱眉男 皱眉 皱着眉头 皱着眉头的人
U+1F64D-200D-2640-FE0F	🙍‍♀️	皱眉女 皱眉 皱着眉头 皱着眉头的人
U+1F64E	🙎	撅嘴 生气 噘嘴
U+1F64E-200D-2642-FE0F	🙎‍♂️	撅嘴男 撅嘴 生气 噘嘴的人
U+1F64E-200D-2640-FE0F	🙎‍♀️	撅嘴女 撅嘴 生气 噘嘴的人
U+1F645	🙅	禁止手势 禁止 不行 反对
U+1F645-200D-2642-FE0F	🙅‍♂️	禁止手势男 禁止 不 不可以 不同意 打咩 拒绝 禁止手势
U+1F645-200D-2640-FE0F	🙅‍♀️	禁止手势女 禁止 不 不可以 不同意 打咩 拒绝 禁止手势
U+1F646	🙆	手势 okok 好的
U+1F646-200D-2642-FE0F	🙆‍♂️	手势男 手势 okok
U+1F646-200D-2640-FE0F	🙆‍♀️	手势女 手势 okok
U+1F481	💁	前台 帮助
U+1F481-200D-2642-FE0F	💁‍♂️	前台男 前台 服务员 服务生 男服务员 男服务生
U+1F481-200D-2640-FE0F	💁‍♀️	前台女 前台 女服务员 女服务生
U+1F64B	🙋	举手
U+1F64B-200D-2642-FE0F	🙋‍♂️	男生举手 举手 我知道 这个我知道
U+1F64B-200D-2640-FE0F	🙋‍♀️	女生举手 举手 我知道 这个我知道
U+1F9CF	🧏	失聪者 失聪 聋子 耳聋 听力 耳朵
U+1F9CF-200D-2642-FE0F	🧏‍♂️	失聪的男人 失聪 聋子 耳聋 失聪者
U+1F9CF-200D-2640-FE0F	🧏‍♀️	失聪的女人 失聪 聋子 耳聋 失聪者
U+1F647	🙇	鞠躬 对不起 道歉
U+1F647-200D-2642-FE0F	🙇‍♂️	男生鞠躬 鞠躬 不好意思 跪求
U+1F647-200D-2640-FE0F	🙇‍♀️	女生鞠躬 鞠躬 不好意思 跪求
U+1F926	🤦	捂脸
U+1F926-200D-2642-FE0F	🤦‍♂️	男生捂脸 捂脸 我服了 我服了你 我服了你了 手掌捂脸 扶额
U+1F926-200D-2640-FE0F	🤦‍♀️	女生捂脸 捂脸 我服了 我服了你 我服了你了 手掌捂脸 扶额
U+1F937	🤷	耸肩 不关心 怀疑 无视
U+1F937-200D-2642-FE0F	🤷‍♂️	男生耸肩 耸肩 不知道 与我无关 谁知道 谁知道呢
U+1F937-200D-2640-FE0F	🤷‍♀️	女生耸肩 耸肩 不知道 与我无关 谁知道 谁知道呢
U+1F9D1-200D-2695-FE0F	🧑‍⚕️	卫生工作者 医生
U+1F468-200D-2695-FE0F	👨‍⚕️	男医生 医生 医护人员 大夫 男医护人员 男大夫
U+1F469-200D-2695-FE0F	👩‍⚕️	女医生 医生 医护人员 大夫 女医护人员 女大夫
U+1F9D1-200D-1F393	🧑‍🎓	学生
U+1F468-200D-1F393	👨‍🎓	男学生 学生 大学生 本科生 毕业
U+1F469-200D-1F393	👩‍🎓	女学生 学生 大学生 本科生 毕业
U+1F9D1-200D-1F3EB	🧑‍🏫	老师
U+1F468-200D-1F3EB	👨‍🏫	男老师 老师 教师 男教师
U+1F469-200D-1F3EB	👩‍🏫	女老师 老师 女教师
U+1F9D1-200D-2696-FE0F	🧑‍⚖️	法官
U+1F468-200D-2696-FE0F	👨‍⚖️	男法官 法官
U+1F469-200D-2696-FE0F	👩‍⚖️	女法官 法官
U+1F9D1-200D-1F33E	🧑‍🌾	农民
U+1F468-200D-1F33E	👨‍🌾	农夫 农民
U+1F469-200D-1F33E	👩‍🌾	农妇 农民
U+1F9D1-200D-1F373	🧑‍🍳	厨师
U+1F468-200D-1F373	👨‍🍳	男厨师 厨师 下厨 做饭 大厨
U+1F469-200D-1F373	👩‍🍳	女厨师 厨师 下厨 做饭 大厨
U+1F9D1-200D-1F527	🧑‍🔧	技工
U+1F468-200D-1F527	👨‍🔧	男技工 技工 修理工 水管工 电工 男修理工 男水管工 男电工
U+1F469-200D-1F527	👩‍🔧	女技工 技工 修理工 女修理工 女水管工 女电工
U+1F9D1-200D-1F3ED	🧑‍🏭	工人
U+1F468-200D-1F3ED	👨‍🏭	男工人 工人 工厂工人 男工厂工人
U+1F469-200D-1F3ED	👩‍🏭	女工人 工人 女工厂工人
U+1F9D1-200D-1F4BC	🧑‍💼	白领
U+1F468-200D-1F4BC	👨‍💼	男白领 白领 办公室职员 男办公室职员 男职员
U+1F469-200D-1F4BC	👩‍💼	女白领 白领 办公室职员 女办公室职员 女职员
U+1F9D1-200D-1F52C	🧑‍🔬	科学家
U+1F468-200D-1F52C	👨‍🔬	男科学家 科学家 化学家 男化学家
U+1F469-200D-1F52C	👩‍🔬	女科学家 科学家 化学家 女化学家
U+1F9D1-200D-1F4BB	🧑‍💻	程序员
U+1F468-200D-1F4BB	👨‍💻	男程序员 程序员 开发人员 技术员 男开发人员 男技术员 男码农 男码畜
U+1F469-200D-1F4BB	👩‍💻	女程序员 程序员 女开发人员 女技术员 女码农 女码畜
U+1F9D1-200D-1F3A4	🧑‍🎤	歌手
U+1F468-200D-1F3A4	👨‍🎤	男歌手 歌手 摇滚歌手 摇滚男歌手 朋克 男摇滚歌手 重金属
U+1F469-200D-1F3A4	👩‍🎤	女歌手 歌手 女摇滚歌手 摇滚女歌手 朋克 重金属
U+1F9D1-200D-1F3A8	🧑‍🎨	艺术家
U+1F468-200D-1F3A8	👨‍🎨	男艺术家 艺术家 漫画家 男漫画家 男画家
U+1F469-200D-1F3A8	👩‍🎨	女艺术家艺术家 女漫画家 女画家 女艺术家
U+1F9D1-200D-2708-FE0F	🧑‍✈️	飞行员
U+1F468-200D-2708-FE0F	👨‍✈️	男飞行员 飞行员
U+1F469-200D-2708-FE0F	👩‍✈️	女飞行员 飞行员
U+1F9D1-200D-1F680	🧑‍🚀	宇航员
U+1F468-200D-1F680	👨‍🚀	男宇航员 宇航员
U+1F469-200D-1F680	👩‍🚀	女宇航员 宇航员
U+1F9D1-200D-1F692	🧑‍🚒	消防员
U+1F468-200D-1F692	👨‍🚒	男消防员 消防员
U+1F469-200D-1F692	👩‍🚒	女消防员 消防员
U+1F46E	👮	警察 警官
U+1F46E-200D-2642-FE0F	👮‍♂️	男警察 警察 男警官
U+1F46E-200D-2640-FE0F	👮‍♀️	女警察 警察 女警官
U+1F575	🕵	侦探 间谍
U+1F575-FE0F-200D-2642-FE0F	🕵️‍♂️	男侦探 侦探
U+1F575-FE0F-200D-2640-FE0F	🕵️‍♀️	女侦探 侦探
U+1F482	💂	卫兵 卫士 守卫
U+1F482-200D-2642-FE0F	💂‍♂️	男卫兵 卫兵 男卫士
U+1F482-200D-2640-FE0F	💂‍♀️	女卫兵 卫兵 女卫士
U+1F977	🥷	忍者 忍术
U+1F477	👷	建筑工人 建筑
U+1F477-200D-2642-FE0F	👷‍♂️	男建筑工人 建筑工人 农民工 建筑工 男农民工 男工人 男建筑工
U+1F477-200D-2640-FE0F	👷‍♀️	女建筑工人 建筑工人 农民工 女农民工 女工人 女建筑工
U+1FAC5	🫅	戴王冠的人 王冠 君主
U+1F934	🤴	王子 王冠 国王 小王子
U+1F478	👸	公主 王冠 女王 女皇 小公主 皇冠 童话
U+1F473	👳	戴头巾的人 头巾
U+1F473-200D-2642-FE0F	👳‍♂️	戴头巾的男人 头巾 戴头巾 戴头巾的人
U+1F473-200D-2640-FE0F	👳‍♀️	戴头巾的女人 头巾 戴头巾 戴头巾的人
U+1F472	👲	戴瓜皮帽的人 瓜皮帽 中国帽 地主
U+1F9D5	🧕	带头饰的女人 头饰 头巾 穆斯林
U+1F935	🤵	穿燕尾服的人 燕尾服 新郎
U+1F935-200D-2642-FE0F	🤵‍♂️	穿礼服的男人 礼服 新郎 燕尾服 西服 西装
U+1F935-200D-2640-FE0F	🤵‍♀️	穿礼服的女人 礼服 女新郎
U+1F470	👰	戴头纱的人 头纱 新娘
U+1F470-200D-2642-FE0F	👰‍♂️	戴头纱的男人 头纱 男新娘
U+1F470-200D-2640-FE0F	👰‍♀️	戴头纱的女人 头纱 婚纱 戴头纱的人 新娘 新娘子
U+1F930	🤰	孕妇 怀孕 大肚子 孕肚 怀了
U+1FAC3	🫃	怀孕的男人 怀孕 啤酒肚 大肚子 将军肚 男人怀孕
U+1FAC4	🫄	怀孕的人 怀孕
U+1F931	🤱	母乳喂养 哺乳 乳房 喂奶 母乳
U+1F469-200D-1F37C	👩‍🍼	哺乳的女人 哺乳 奶妈
U+1F468-200D-1F37C	👨‍🍼	哺乳的男人 哺乳 奶爸
U+1F9D1-200D-1F37C	🧑‍🍼	哺乳的人 哺乳
U+1F47C	👼	小天使 天使 天使宝宝 孩子
U+1F385	🎅	圣诞老人 圣诞
U+1F936	🤶	圣诞奶奶 圣诞 圣诞夫人 老妈
U+1F9D1-200D-1F384	🧑‍🎄	圣诞人 圣诞
U+1F9B8	🦸	超级英雄 超能力
U+1F9B8-200D-2642-FE0F	🦸‍♂️	男超级英雄 超级英雄 男超人
U+1F9B8-200D-2640-FE0F	🦸‍♀️	女超级英雄 超级英雄 女超人
U+1F9B9	🦹	超级大坏蛋 坏蛋 恶魔 罪犯 超能力
U+1F9B9-200D-2642-FE0F	🦹‍♂️	男超级大坏蛋 坏蛋 反派 大反派 男反派 男坏蛋 男大反派 男超级大反派
U+1F9B9-200D-2640-FE0F	🦹‍♀️	女超级大坏蛋 坏蛋 反派 大反派 女反派 女坏蛋 女大反派 女超级大反派
U+1F9D9	🧙	法师 女巫 男巫
U+1F9D9-200D-2642-FE0F	🧙‍♂️	男法师 法师 男巫 男魔术师 男魔法师
U+1F9D9-200D-2640-FE0F	🧙‍♀️	女法师 法师 女巫 女魔术师 女魔法师
U+1F9DA	🧚	精灵
U+1F9DA-200D-2642-FE0F	🧚‍♂️	仙人 仙子 妖精 小仙子
U+1F9DA-200D-2640-FE0F	🧚‍♀️	仙女 妖精 小仙女 小仙子
U+1F9DB	🧛	吸血鬼
U+1F9DB-200D-2642-FE0F	🧛‍♂️	男吸血鬼 吸血鬼 德古拉
U+1F9DB-200D-2640-FE0F	🧛‍♀️	女吸血鬼 吸血鬼 德古拉
U+1F9DC	🧜	人鱼 美人鱼 女人鱼 男人鱼
U+1F9DC-200D-2642-FE0F	🧜‍♂️	男人鱼 美人鱼 海王 美男鱼
U+1F9DC-200D-2640-FE0F	🧜‍♀️	美人鱼
U+1F9DD	🧝	小精灵 精灵 魔术
U+1F9DD-200D-2642-FE0F	🧝‍♂️	男小精灵 小精灵 精灵 男精灵 精灵族
U+1F9DD-200D-2640-FE0F	🧝‍♀️	女小精灵 小精灵 精灵 女精灵 精灵族
U+1F9DE	🧞	妖怪 神灵
U+1F9DE-200D-2642-FE0F	🧞‍♂️	男妖怪 妖怪 灯神 男灯神 阿拉丁 阿拉丁神灯
U+1F9DE-200D-2640-FE0F	🧞‍♀️	女妖怪 妖怪 女灯神 阿拉丁 阿拉丁神灯
U+1F9DF	🧟	僵尸
U+1F9DF-200D-2642-FE0F	🧟‍♂️	男僵尸 僵尸 丧尸 男丧尸 男行尸走肉
U+1F9DF-200D-2640-FE0F	🧟‍♀️	女僵尸 僵尸 丧尸 女丧尸 女行尸走肉
U+1F9CC	🧌	穴居巨怪 妖怪
U+1F486	💆	按摩 美容
U+1F486-200D-2642-FE0F	💆‍♂️	男生按摩 按摩
U+1F486-200D-2640-FE0F	💆‍♀️	女生按摩 按摩
U+1F487	💇	理发
U+1F487-200D-2642-FE0F	💇‍♂️	男生理发 理发 做造型 剪发 剪头 剪头发 理头 理头发 美容美发
U+1F487-200D-2640-FE0F	💇‍♀️	女生理发 理发 做造型 剪发 剪头 剪头发 理头 理头发 美容美发
U+1F6B6	🚶	行人 徒步 走 走路
U+1F6B6-200D-2642-FE0F	🚶‍♂️	男行人 行人 行走
U+1F6B6-200D-2640-FE0F	🚶‍♀️	女行人行人 行走
U+1F6B6-200D-27A1-FE0F	🚶‍➡️	朝右走的人 行人
U+1F6B6-200D-2640-FE0F-200D-27A1-FE0F	🚶‍♀️‍➡️	朝右走的女人 行人
U+1F6B6-200D-2642-FE0F-200D-27A1-FE0F	🚶‍♂️‍➡️	朝右走的男人 行人
U+1F9CD	🧍	站立者 站立 站着
U+1F9CD-200D-2642-FE0F	🧍‍♂️	站立的男人 站立 哥哥 弟弟 男仔 站立者
U+1F9CD-200D-2640-FE0F	🧍‍♀️	站立的女人 站立 女仔 妹妹 姐姐 站立者
U+1F9CE	🧎	下跪者 下跪 跪下
U+1F9CE-200D-2642-FE0F	🧎‍♂️	跪下的男人 下跪 跪坐
U+1F9CE-200D-2640-FE0F	🧎‍♀️	跪下的女人 下跪 跪坐
U+1F9CE-200D-27A1-FE0F	🧎‍➡️	朝右跪着的人 下跪
U+1F9CE-200D-2640-FE0F-200D-27A1-FE0F	🧎‍♀️‍➡️	朝右跪着的女人 下跪
U+1F9CE-200D-2642-FE0F-200D-27A1-FE0F	🧎‍♂️‍➡️	朝右跪着的男人 下跪
U+1F9D1-200D-1F9AF	🧑‍🦯	拄盲杖的人 盲人 瞎子
U+1F9D1-200D-1F9AF-200D-27A1-FE0F	🧑‍🦯‍➡️	朝右的拄盲杖的人 盲人 瞎子
U+1F468-200D-1F9AF	👨‍🦯	拄盲杖的男人 盲人 瞎子 拄盲杖的人 拿着白手杖的人
U+1F468-200D-1F9AF-200D-27A1-FE0F	👨‍🦯‍➡️	朝右的拄盲杖的男人 盲人 瞎子
U+1F469-200D-1F9AF	👩‍🦯	拄盲杖的女人 盲人 瞎子 拄盲杖的人 拿着白手杖的人
U+1F469-200D-1F9AF-200D-27A1-FE0F	👩‍🦯‍➡️	朝右的拄盲杖的女人 盲人 瞎子
U+1F9D1-200D-1F9BC	🧑‍🦼	坐电动轮椅的人 盲人 瞎子
U+1F9D1-200D-1F9BC-200D-27A1-FE0F	🧑‍🦼‍➡️	朝右的坐电动轮椅的人 轮椅 残疾
U+1F468-200D-1F9BC	👨‍🦼	坐电动轮椅的男人 轮椅 残疾 坐电动轮椅的人
U+1F468-200D-1F9BC-200D-27A1-FE0F	👨‍🦼‍➡️	朝右的坐电动轮椅的男人 轮椅 残疾
U+1F469-200D-1F9BC	👩‍🦼	坐电动轮椅的女人 轮椅 残疾 坐电动轮椅的人
U+1F469-200D-1F9BC-200D-27A1-FE0F	👩‍🦼‍➡️	朝右的坐电动轮椅的女人 轮椅 残疾
U+1F9D1-200D-1F9BD	🧑‍🦽	坐手动轮椅的人 轮椅 残疾
U+1F9D1-200D-1F9BD-200D-27A1-FE0F	🧑‍🦽‍➡️	朝右的坐手动轮椅的人 轮椅 残疾
U+1F468-200D-1F9BD	👨‍🦽	坐手动轮椅的男人 轮椅 残疾 坐手动轮椅的人
U+1F468-200D-1F9BD-200D-27A1-FE0F	👨‍🦽‍➡️	朝右的坐手动轮椅的男人 轮椅 残疾
U+1F469-200D-1F9BD	👩‍🦽	坐手动轮椅的女人 轮椅 残疾 坐手动轮椅的人
U+1F469-200D-1F9BD-200D-27A1-FE0F	👩‍🦽‍➡️	朝右的坐手动轮椅的女人 轮椅 残疾
U+1F3C3	🏃	跑步者 跑步 跑 马拉松
U+1F3C3-200D-2642-FE0F	🏃‍♂️	男生跑步 跑步 跑步者
U+1F3C3-200D-2640-FE0F	🏃‍♀️	女生跑步 跑步 跑步者
U+1F3C3-200D-27A1-FE0F	🏃‍➡️	朝右跑步的人 跑步
U+1F3C3-200D-2640-FE0F-200D-27A1-FE0F	🏃‍♀️‍➡️	朝右跑步的女人 跑步
U+1F3C3-200D-2642-FE0F-200D-27A1-FE0F	🏃‍♂️‍➡️	朝右跑步的男人 跑步
U+1F483	💃	跳舞的女人 跳舞 舞女
U+1F57A	🕺	跳舞的男人 跳舞 舞者
U+1F574	🕴	西装革履的人 西装 西装革履 商务 正装 浮在地面上的西装男
U+1F46F	👯	戴兔耳朵的人 兔女郎 派对 聚会
U+1F46F-200D-2642-FE0F	👯‍♂️	兔先生 兔女郎 兔耳朵
U+1F46F-200D-2640-FE0F	👯‍♀️	兔女郎 兔耳朵
U+1F9D6	🧖	蒸房里的人 蒸房 汗蒸 桑拿
U+1F9D6-200D-2642-FE0F	🧖‍♂️	蒸房里的男人 蒸房 汗蒸 蒸房里的人 蒸桑拿
U+1F9D6-200D-2640-FE0F	🧖‍♀️	蒸房里的女人 蒸房 汗蒸 蒸房里的人 蒸桑拿
U+1F9D7	🧗	攀爬的人 攀爬 登山
U+1F9D7-200D-2642-FE0F	🧗‍♂️	攀爬的男人 攀爬 攀山 攀岩者 攀爬的人 登山者
U+1F9D7-200D-2640-FE0F	🧗‍♀️	攀爬的女人 攀爬 攀山 攀岩者 攀爬的人 登山者
U+1F93A	🤺	击剑选手 击剑 击剑者 剑斗
U+1F3C7	🏇	赛马 赛马骑师 骑马
U+26F7	⛷	滑雪的人 滑雪
U+1F3C2	🏂	滑雪板 滑雪 单板滑雪
U+1F3CC	🏌	打高尔夫的人 高尔夫
U+1F3CC-FE0F-200D-2642-FE0F	🏌️‍♂️	男生打高尔夫 高尔夫 打高尔夫的人 高尔夫球手
U+1F3CC-FE0F-200D-2640-FE0F	🏌️‍♀️	女生打高尔夫 高尔夫 打高尔夫的人 高尔夫球手
U+1F3C4	🏄	冲浪
U+1F3C4-200D-2642-FE0F	🏄‍♂️	男生冲浪 冲浪 冲浪者
U+1F3C4-200D-2640-FE0F	🏄‍♀️	女生冲浪 冲浪 冲浪者
U+1F6A3	🚣	划艇 划船 皮划艇
U+1F6A3-200D-2642-FE0F	🚣‍♂️	男生划船 划船 划艇 皮划艇 泛舟
U+1F6A3-200D-2640-FE0F	🚣‍♀️	女生划船 划船 划艇 皮划艇 泛舟
U+1F3CA	🏊	游泳 游
U+1F3CA-200D-2642-FE0F	🏊‍♂️	男生游泳 游泳 泳客 游泳者
U+1F3CA-200D-2640-FE0F	🏊‍♀️	女生游泳 游泳 泳客 游泳者
U+26F9	⛹	玩球 打球
U+26F9-FE0F-200D-2642-FE0F	⛹️‍♂️	男生玩球 玩球 打球 打篮球 玩篮球 篮球运动员
U+26F9-FE0F-200D-2640-FE0F	⛹️‍♀️	女生玩球 玩球 打球 打篮球 玩篮球 篮球运动员
U+1F3CB	🏋	举重
U+1F3CB-FE0F-200D-2642-FE0F	🏋️‍♂️	男生举重 举重 举重运动员 男举重运动员
U+1F3CB-FE0F-200D-2640-FE0F	🏋️‍♀️	女生举重 举重 举重运动员 女举重运动员
U+1F6B4	🚴	骑自行车 自行车 骑车
U+1F6B4-200D-2642-FE0F	🚴‍♂️	男生骑自行车 骑自行车 自行车 骑单车
U+1F6B4-200D-2640-FE0F	🚴‍♀️	女生骑自行车 骑自行车 自行车 骑单车
U+1F6B5	🚵	骑山地车 山地车
U+1F6B5-200D-2642-FE0F	🚵‍♂️	男生骑山地车 骑山地车 山地车 山地自行车
U+1F6B5-200D-2640-FE0F	🚵‍♀️	女生骑山地车 骑山地车 山地车 山地自行车
U+1F938	🤸	侧手翻 体操
U+1F938-200D-2642-FE0F	🤸‍♂️	男生侧手翻 侧手翻 翻筋斗 翻跟头
U+1F938-200D-2640-FE0F	🤸‍♀️	女生侧手翻 侧手翻 翻筋斗 翻跟头
U+1F93C	🤼	摔跤选手 摔跤
U+1F93C-200D-2642-FE0F	🤼‍♂️	男生摔跤 摔跤 摔跤选手 格斗
U+1F93C-200D-2640-FE0F	🤼‍♀️	女生摔跤 摔跤 摔跤选手 格斗
U+1F93D	🤽	水球
U+1F93D-200D-2642-FE0F	🤽‍♂️	男生玩水球 水球
U+1F93D-200D-2640-FE0F	🤽‍♀️	女生玩水球 水球
U+1F93E	🤾	手球
U+1F93E-200D-2642-FE0F	🤾‍♂️	男生玩手球 手球 打手球
U+1F93E-200D-2640-FE0F	🤾‍♀️	女生玩手球 手球 打手球
U+1F939	🤹	抛接杂耍 杂耍 平衡 杂技
U+1F939-200D-2642-FE0F	🤹‍♂️	男生抛接杂耍 抛接杂耍 杂耍 抛接
U+1F939-200D-2640-FE0F	🤹‍♀️	女生抛接杂耍 抛接杂耍 杂耍 抛接
U+1F9D8	🧘	盘腿的人 盘腿 冥想 瑜伽
U+1F9D8-200D-2642-FE0F	🧘‍♂️	盘腿的男人 盘腿 全莲花坐 打坐 瑜伽男 莲花坐的人
U+1F9D8-200D-2640-FE0F	🧘‍♀️	盘腿的女人 盘腿 全莲花坐 打坐 瑜伽女 莲花坐的人
U+1F6C0	🛀	洗澡的人 洗澡 泡澡 泡澡的人 浴缸
U+1F6CC	🛌	躺在床上的人 睡觉 入睡 宾馆 床上休息 睡觉的人 晚安
U+1F9D1-200D-1F91D-200D-1F9D1	🧑‍🤝‍🧑	手拉手的两个人 手拉手 牵手
U+1F46D	👭	手拉手的两个女人 手拉手 两个牵手的女人 闺蜜
U+1F46B	👫	手拉手的一男一女 手拉手 情侣 手拉手的情侣 牵手的情侣
U+1F46C	👬	手拉手的两个男人 手拉手 两个牵手的男人 兄弟 基友 好兄弟 好基友
U+1F48F	💏	亲吻 接吻
U+1F469-200D-2764-FE0F-200D-1F48B-200D-1F468	👩‍❤️‍💋‍👨	亲吻
U+1F468-200D-2764-FE0F-200D-1F48B-200D-1F468	👨‍❤️‍💋‍👨	亲吻
U+1F469-200D-2764-FE0F-200D-1F48B-200D-1F469	👩‍❤️‍💋‍👩	亲吻
U+1F491	💑	情侣 恋爱
U+1F469-200D-2764-FE0F-200D-1F468	👩‍❤️‍👨	情侣 恋爱 爱情 相爱 谈恋爱
U+1F468-200D-2764-FE0F-200D-1F468	👨‍❤️‍👨	情侣 同性恋 玻璃 男同 男同性恋
U+1F469-200D-2764-FE0F-200D-1F469	👩‍❤️‍👩	情侣 同性恋 女同 女同性恋 拉拉
U+1F468-200D-1F469-200D-1F466	👨‍👩‍👦	家庭 一家三口 一家人 三口之家
U+1F468-200D-1F469-200D-1F467	👨‍👩‍👧	家庭 一家三口 一家人 三口之家
U+1F468-200D-1F469-200D-1F467-200D-1F466	👨‍👩‍👧‍👦	家庭 一家人 一家四口 四口之家
U+1F468-200D-1F469-200D-1F466-200D-1F466	👨‍👩‍👦‍👦	家庭 一家人 一家四口 四口之家
U+1F468-200D-1F469-200D-1F467-200D-1F467	👨‍👩‍👧‍👧	家庭 一家人 一家四口 四口之家
U+1F468-200D-1F468-200D-1F466	👨‍👨‍👦	家庭
U+1F468-200D-1F468-200D-1F467	👨‍👨‍👧	家庭
U+1F468-200D-1F468-200D-1F467-200D-1F466	👨‍👨‍👧‍👦	家庭
U+1F468-200D-1F468-200D-1F466-200D-1F466	👨‍👨‍👦‍👦	家庭
U+1F468-200D-1F468-200D-1F467-200D-1F467	👨‍👨‍👧‍👧	家庭
U+1F469-200D-1F469-200D-1F466	👩‍👩‍👦	家庭
U+1F469-200D-1F469-200D-1F467	👩‍👩‍👧	家庭
U+1F469-200D-1F469-200D-1F467-200D-1F466	👩‍👩‍👧‍👦	家庭
U+1F469-200D-1F469-200D-1F466-200D-1F466	👩‍👩‍👦‍👦	家庭
U+1F469-200D-1F469-200D-1F467-200D-1F467	👩‍👩‍👧‍👧	家庭
U+1F468-200D-1F466	👨‍👦	家庭 父子
U+1F468-200D-1F466-200D-1F466	👨‍👦‍👦	家庭
U+1F468-200D-1F467	👨‍👧	家庭 父女
U+1F468-200D-1F467-200D-1F466	👨‍👧‍👦	家庭
U+1F468-200D-1F467-200D-1F467	👨‍👧‍👧	家庭
U+1F469-200D-1F466	👩‍👦	家庭 母子
U+1F469-200D-1F466-200D-1F466	👩‍👦‍👦	家庭
U+1F469-200D-1F467	👩‍👧	家庭 母女
U+1F469-200D-1F467-200D-1F466	👩‍👧‍👦	家庭
U+1F469-200D-1F467-200D-1F467	👩‍👧‍👧	家庭
U+1F5E3	🗣	说话 剪影 头部剪影 讲话 讲话者 讲话者的头部剪影
U+1F464	👤	人像 人物剪影 半身像 头像
U+1F465	👥	双人像 人像 剪影 半身像 双人
U+1FAC2	🫂	人的拥抱 拥抱 剪影 抱在一起 抱抱 拥抱的人
U+1F46A	👪	家庭 家人
U+1F9D1-200D-1F9D1-200D-1F9D2	🧑‍🧑‍🧒	一孩家庭 家庭
U+1F9D1-200D-1F9D1-200D-1F9D2-200D-1F9D2	🧑‍🧑‍🧒‍🧒	二孩家庭 家庭
U+1F9D1-200D-1F9D2	🧑‍🧒	单亲一孩家庭 家庭
U+1F9D1-200D-1F9D2-200D-1F9D2	🧑‍🧒‍🧒	单亲二孩家庭 家庭
U+1F463	👣	脚印 足迹
U+1FAC6	🫆	指纹
U+1F3FB	🏻	较浅肤色 肤色
U+1F3FC	🏼	中等浅肤色 肤色 较浅肤色
U+1F3FD	🏽	中等肤色 肤色
U+1F3FE	🏾	中等深肤色 肤色 较深肤色
U+1F3FF	🏿	较深肤色 肤色
U+1F9B0	🦰	红发 头发 红头发 红色头发 赤发
U+1F9B1	🦱	卷发 头发
U+1F9B3	🦳	白发 头发 年老 灰色
U+1F9B2	🦲	秃顶 头发 光头 化疗 头秃 秃头 脱发
U+1F435	🐵	猴头 猴子 猴 猴脸
U+1F412	🐒	猴子 猴 马骝
U+1F98D	🦍	大猩猩 猩猩
U+1F9A7	🦧	红毛猩猩 猩猩 人猿
U+1F436	🐶	狗脸 小狗 狗 旺柴 旺财 狗仔 狗头
U+1F415	🐕	狗 小狗 犬 狗子 狗狗
U+1F9AE	🦮	导盲犬 小狗 狗 指引 金毛 金毛寻回犬 金毛犬
U+1F415-200D-1F9BA	🐕‍🦺	服务犬 小狗 狗 工作犬
U+1F429	🐩	贵宾犬 小狗 狗 卷毛狗
U+1F43A	🐺	狼 狼头 狼脸
U+1F98A	🦊	狐狸 狐狸偷 狐狸脸
U+1F99D	🦝	浣熊 好奇 小浣熊 干脆面 干脆面君 淘气
U+1F431	🐱	猫脸 喵 喵喵 喵喵叫 喵喵喵 小猫 小猫咪 猫头
U+1F408	🐈	猫 小猫 小猫咪 橘猫
U+1F408-200D-2B1B	🐈‍⬛	黑猫 猫 小黑猫
U+1F981	🦁	狮子 狮 狮头 狮子头 狮子脸 狮脸
U+1F42F	🐯	老虎头 老虎 老虎脸
U+1F405	🐅	老虎
U+1F406	🐆	豹子 猎豹
U+1F434	🐴	马头 马 马儿 马脸
U+1FACE	🫎	驼鹿 鹿 马鹿 驼鹿头 驼鹿脸 鹿角
U+1FACF	🫏	驴 小驴 驴儿
U+1F40E	🐎	马 小马 马儿 骏马
U+1F984	🦄	独角兽 独角兽头 独角兽脸
U+1F993	🦓	斑马 条纹
U+1F98C	🦌	鹿 麋鹿
U+1F9AC	🦬	大野牛
U+1F42E	🐮	奶牛头 奶牛 小牛 牛牛 牛脸
U+1F402	🐂	公牛
U+1F403	🐃	水牛
U+1F404	🐄	奶牛
U+1F437	🐷	猪头 猪 小猪 懒猪 猪猪 猪脸
U+1F416	🐖	猪 猪猪
U+1F417	🐗	野猪
U+1F43D	🐽	猪鼻子 猪鼻
U+1F40F	🐏	公羊
U+1F411	🐑	母羊 小羊 绵羊 羊羊
U+1F410	🐐	山羊
U+1F42A	🐪	骆驼 单峰骆驼
U+1F42B	🐫	双峰骆驼 骆驼 双峰
U+1F999	🦙	美洲鸵 骆驼 羊毛 羊驼 草泥马
U+1F992	🦒	长颈鹿 斑点 麒麟鹿
U+1F418	🐘	大象
U+1F9A3	🦣	猛犸 猛犸象 长毛象
U+1F98F	🦏	犀牛
U+1F99B	🦛	河马
U+1F42D	🐭	老鼠头 老鼠 耗子 老鼠脸
U+1F401	🐁	老鼠 耗子 小白鼠 小老鼠
U+1F400	🐀	耗子 老鼠
U+1F439	🐹	仓鼠 仓鼠头 仓鼠脸
U+1F430	🐰	兔子头 兔子 兔 兔头 兔子脸 兔脸
U+1F407	🐇	兔子 大白兔 小兔子 小白兔
U+1F43F	🐿	松鼠 花栗鼠
U+1F9AB	🦫	海狸 河狸
U+1F994	🦔	刺猬
U+1F987	🦇	蝙蝠 吸血鬼 蟙䘃
U+1F43B	🐻	熊 小熊 熊头 熊脸
U+1F43B-200D-2744-FE0F	🐻‍❄️	北极熊 北极熊头 北极熊脸
U+1F428	🐨	考拉 无尾熊 树袋熊
U+1F43C	🐼	熊猫 大熊猫 国宝 熊猫人 熊猫头 熊猫脸 猫熊 胖达
U+1F9A5	🦥	树懒 慢吞吞 树懒先生 迟缓
U+1F9A6	🦦	水獭 动物 海獭
U+1F9A8	🦨	臭鼬
U+1F998	🦘	袋鼠
U+1F9A1	🦡	獾 蜜獾
U+1F43E	🐾	爪印 爪子 动物脚印 掌印 足迹
U+1F983	🦃	火鸡
U+1F414	🐔	鸡 鸡头 鸡巴
U+1F413	🐓	公鸡 大公鸡 大母鸡
U+1F423	🐣	小鸡破壳 小鸡 破壳 出生 孵化小鸡
U+1F424	🐤	小鸡 小鸡头
U+1F425	🐥	正面朝向的小鸡 小鸡 小鸡鸡
U+1F426	🐦	鸟 小鸟 鸟头
U+1F427	🐧	企鹅 企鹅头
U+1F54A	🕊	鸽 鸽子 和平的象征 和平象征
U+1F985	🦅	鹰 老鹰
U+1F986	🦆	鸭子 嘎嘎 小鸭子 鸭
U+1F9A2	🦢	天鹅 丑小鸭 白天鹅
U+1F989	🦉	猫头鹰 睿智 鸮
U+1F9A4	🦤	渡渡鸟
U+1FAB6	🪶	羽毛
U+1F9A9	🦩	火烈鸟 热带 艳丽
U+1F99A	🦚	孔雀 招摇 骄傲
U+1F99C	🦜	鹦鹉 模仿 说话
U+1FABD	🪽	翅膀 天使的翅膀 羽翼
U+1F426-200D-2B1B	🐦‍⬛	黑色的鸟 鸟 乌鸦 黑色小鸟 黑鸟
U+1FABF	🪿	鹅 大鹅 鹅鹅鹅
U+1F426-200D-1F525	🐦‍🔥	凤凰
U+1F438	🐸	青蛙 蛤 蛤蛤 蛤蟆 青蛙头 青蛙脸
U+1F40A	🐊	鳄鱼
U+1F422	🐢	龟 乌龟 海龟
U+1F98E	🦎	蜥蜴 壁虎
U+1F40D	🐍	蛇 一条蛇 小蛇 蛇蛇
U+1F432	🐲	龙头 龙 中国龙 龙王
U+1F409	🐉	龙 一条龙 巨龙 神龙
U+1F995	🦕	蜥蜴类 蜥蜴 恐龙 梁龙 腕龙 雷龙
U+1F996	🦖	霸王龙 恐龙 暴龙
U+1F433	🐳	喷水的鲸 鲸 喷水 喷水的鲸鱼
U+1F40B	🐋	鲸鱼 鲸
U+1F42C	🐬	海豚
U+1F9AD	🦭	海豹 海狮
U+1F41F	🐟	鱼 小鱼 小鱼儿
U+1F420	🐠	热带鱼
U+1F421	🐡	河豚
U+1F988	🦈	鲨鱼 大白鲨
U+1F419	🐙	章鱼 八爪
U+1F41A	🐚	海螺 贝壳
U+1FAB8	🪸	珊瑚 珊瑚礁
U+1FABC	🪼	水母 海蜇
U+1F40C	🐌	蜗牛
U+1F98B	🦋	蝴蝶 凤尾蝶 昆虫 漂亮 美丽
U+1F41B	🐛	毛毛虫 虫子
U+1F41C	🐜	蚂蚁
U+1F41D	🐝	蜜蜂 勤劳 小蜜蜂
U+1FAB2	🪲	甲虫 圣甲虫 昆虫
U+1F41E	🐞	瓢虫 七星瓢虫
U+1F997	🦗	蟋蟀 蚱蜢 蛐蛐
U+1FAB3	🪳	蟑螂 小强
U+1F577	🕷	蜘蛛
U+1F578	🕸	蜘蛛网 蜘蛛
U+1F982	🦂	蝎子
U+1F99F	🦟	蚊子 发热 疟疾 蚊虻 蚊蝇
U+1FAB0	🪰	苍蝇 家蝇 蚊蝇
U+1FAB1	🪱	蠕虫 寄生虫 蚯蚓
U+1F9A0	🦠	细菌 变形虫 微生物 病毒
U+1F490	💐	花束 鲜花 花 捧花
U+1F338	🌸	樱花 鲜花 花 花朵
U+1F4AE	💮	白花 鲜花 花 白色的花
U+1FAB7	🪷	莲花 鲜花 花
U+1F3F5	🏵	圆形花饰 鲜花 花 玫瑰花结
U+1F339	🌹	玫瑰 鲜花 花 玫瑰花 红玫瑰
U+1F940	🥀	枯萎的花 鲜花 花 凋谢 枯萎 枯萎的玫瑰
U+1F33A	🌺	芙蓉 鲜花 花 木槿 木槿花 芙蓉花
U+1F33B	🌻	向日葵 鲜花 花 向阳花 太阳花 追日花 逐日花
U+1F33C	🌼	开花 鲜花 花 开花了 波斯菊 花朵 雏菊
U+1F337	🌷	郁金香 鲜花 花
U+1FABB	🪻	风信子 鲜花 花
U+1F331	🌱	幼苗 植物 发芽 嫩苗
U+1FAB4	🪴	盆栽植物 盆栽 植物 花盆
U+1F332	🌲	松树 植物 常青树
U+1F333	🌳	落叶树 植物 大树 树木 落叶
U+1F334	🌴	棕榈树 植物 棕榈
U+1F335	🌵	仙人掌 植物
U+1F33E	🌾	稻子 水稻 植物 稻穗 粮食
U+1F33F	🌿	药草 植物 中药 草本植物 草药 香草
U+2618	☘	三叶草 植物 苜蓿
U+1F340	🍀	四叶草 植物 幸运 幸运草
U+1F341	🍁	枫叶 植物 加拿大 枫树叶
U+1F342	🍂	落叶 植物
U+1F343	🍃	风吹叶落 吹风 植物 叶子 树叶
U+1FAB9	🪹	空巢 鸟巢 空鸟巢
U+1FABA	🪺	有蛋的巢 鸟巢 有蛋的鸟巢
U+1F344	🍄	蘑菇 小蘑菇
U+1FABE	🪾	无叶树 植物
U+1F347	🍇	葡萄 水果 提子
U+1F348	🍈	甜瓜 水果 哈密瓜 新疆瓜 蜜瓜 香瓜
U+1F349	🍉	西瓜 水果 吃瓜
U+1F34A	🍊	橘子 水果 柑桔 柑橘 桔子 蜜橘
U+1F34B	🍋	柠檬 水果 酸
U+1F34B-200D-1F7E9	🍋‍🟩	青柠 水果
U+1F34C	🍌	香蕉 水果
U+1F34D	🍍	菠萝 水果 凤梨
U+1F96D	🥭	芒果 水果 热带
U+1F34E	🍎	红苹果 水果 苹果 小苹果 苹
U+1F34F	🍏	青苹果 水果 苹果 小苹果 绿苹果
U+1F350	🍐	梨 水果 梨子
U+1F351	🍑	桃 水果 桃子 仙桃
U+1F352	🍒	樱桃 水果
U+1F353	🍓	草莓 水果
U+1FAD0	🫐	蓝莓 水果
U+1F95D	🥝	猕猴桃 水果 奇异果
U+1F345	🍅	西红柿 水果 蕃茄 番茄
U+1FAD2	🫒	橄榄 水果 青橄榄 黄榄
U+1F965	🥥	椰子 水果 棕榈 椰子果
U+1F951	🥑	鳄梨 水果 牛油果
U+1F346	🍆	茄子 蔬菜 茄
U+1F954	🥔	土豆 蔬菜 洋芋 马铃薯
U+1F955	🥕	胡萝卜 蔬菜 红萝卜
U+1F33D	🌽	玉米 蔬菜 苞米
U+1F336	🌶	红辣椒 蔬菜 辣椒 辣
U+1FAD1	🫑	灯笼椒 蔬菜 辣椒 彩椒 甜椒 菜椒 青椒
U+1F952	🥒	黄瓜 蔬菜 泡菜 青瓜
U+1F96C	🥬	绿叶蔬菜 蔬菜 圆白菜 小白菜 莴苣
U+1F966	🥦	西兰花 蔬菜 绿花椰菜 绿菜花 青花菜
U+1F9C4	🧄	蒜 蔬菜 大蒜 蒜香
U+1F9C5	🧅	洋葱 蔬菜 洋蒜 皮芽子 葱头
U+1F95C	🥜	花生 蔬菜 坚果 落花生
U+1FAD8	🫘	豆 蔬菜 豆子 豆类
U+1F330	🌰	栗子 蔬菜 榛子
U+1FADA	🫚	姜 蔬菜
U+1FADB	🫛	豌豆荚 蔬菜 豌豆
U+1F344-200D-1F7EB	🍄‍🟫	褐色蘑菇 蔬菜 蘑菇
U+1FADC	🫜	根茎类蔬菜 蔬菜
U+1F35E	🍞	面包
U+1F950	🥐	羊角面包 面包 新月形面包 牛角面包
U+1F956	🥖	法式长棍面包 面包 法棍 长面包
U+1FAD3	🫓	扁面包 面包 兵 大饼 面饼
U+1F968	🥨	椒盐卷饼 卷饼
U+1F96F	🥯	面包圈 面包 烘焙 百吉圈 百吉饼
U+1F95E	🥞	烙饼 煎饼 薄煎饼 蛋饼
U+1F9C7	🧇	华夫饼 格子饼 点心
U+1F9C0	🧀	芝士 奶酪 起司
U+1F356	🍖	排骨 吃肉 带骨肉 肉肉
U+1F357	🍗	家禽的腿 鸡腿 家禽 家禽腿 鸡肉 鸡腿儿
U+1F969	🥩	肉块 排骨 牛排 猪排 羊排 肉 肉排 肉肉
U+1F953	🥓	培根 烟肉
U+1F354	🍔	汉堡 汉堡包
U+1F35F	🍟	薯条 油炸
U+1F355	🍕	披萨 吃比萨 吃比萨饼
U+1F32D	🌭	热狗 火腿
U+1F96A	🥪	三明治
U+1F32E	🌮	墨西哥卷饼 卷饼 墨西哥 墨西哥薄饼卷
U+1F32F	🌯	墨西哥玉米煎饼 煎饼 卷饼 墨西哥 墨西哥卷饼 煎饼馃子
U+1FAD4	🫔	墨西哥粽子 粽子 墨西哥 墨西哥粽
U+1F959	🥙	夹心饼 夹心 皮塔三明治 肉夹馍
U+1F9C6	🧆	炸豆丸子 丸子 中东蔬菜球 油炸鹰嘴豆饼 法拉费 肉丸 肉丸子
U+1F95A	🥚	蛋 鸡蛋 蛋蛋
U+1F373	🍳	煎蛋 鸡蛋 平底锅 烹饪 煎
U+1F958	🥘	装有食物的浅底锅 平底锅 锅 一锅食物 火锅
U+1F372	🍲	一锅食物 锅 火锅
U+1FAD5	🫕	奶酪火锅 火锅 锅 芝士火锅 起司火锅
U+1F963	🥣	碗勺 勺子 碗 放着勺的碗 早餐 汤 汤碗 谷物
U+1F957	🥗	绿色沙拉 沙拉 蔬菜沙拉
U+1F37F	🍿	爆米花
U+1F9C8	🧈	黄油 乳制品 牛奶 黄乳油
U+1F9C2	🧂	盐 佐料 佐料瓶 调味品 食盐
U+1F96B	🥫	罐头食品 罐头
U+1F371	🍱	盒饭 便当 便当盒 外卖 快餐 快餐盒
U+1F358	🍘	米饼 米果
U+1F359	🍙	饭团
U+1F35A	🍚	米饭 大米 大米饭 煮熟的饭
U+1F35B	🍛	咖喱饭 咖喱
U+1F35C	🍜	面条 一碗面 冒热气的碗 吃面 拉面
U+1F35D	🍝	意粉 意大利面 意大利面条 意面
U+1F360	🍠	烤红薯 红薯 地瓜 烤地瓜 烤甘薯 烤番薯
U+1F362	🍢	关东煮 串串
U+1F363	🍣	寿司
U+1F364	🍤	天妇罗 炸虾 虾仁
U+1F365	🍥	鱼板 盘绕是炸鱼饼
U+1F96E	🥮	月饼 丰收饼 团圆饼 月团
U+1F361	🍡	团子 串 糯米团
U+1F95F	🥟	饺子 水饺
U+1F960	🥠	幸运饼干 饼干 预言
U+1F961	🥡	外卖盒 外卖 外卖包装 外卖桶
U+1F980	🦀	蟹 螃蟹 蟹老板
U+1F99E	🦞	龙虾 小龙虾 麻辣小龙虾
U+1F990	🦐	虾 大虾 对虾 甲壳
U+1F991	🦑	乌贼 墨鱼 鱿鱼
U+1F9AA	🦪	牡蛎 珍珠 生蚝 蚝蛎
U+1F366	🍦	圆筒冰激凌 冰激凌 冰淇淋 圆筒冰淇淋 甜筒 软冰淇淋 软冰激凌
U+1F367	🍧	刨冰 冰沙
U+1F368	🍨	冰淇淋 冰激凌
U+1F369	🍩	甜甜圈 油炸面圈
U+1F36A	🍪	饼干 曲奇 曲奇饼干
U+1F382	🎂	生日蛋糕 蛋糕 生日
U+1F370	🍰	水果蛋糕 蛋糕
U+1F9C1	🧁	纸杯蛋糕 蛋糕
U+1F967	🥧	派 油酥点心 糕点
U+1F36B	🍫	巧克力 巧克力棒 朱古力 朱古力棒 甜品
U+1F36C	🍬	糖 吃糖 糖果
U+1F36D	🍭	棒棒糖
U+1F36E	🍮	奶黄 布丁 甜品 甜点 蛋奶糕
U+1F36F	🍯	蜂蜜 蜜罐
U+1F37C	🍼	奶瓶 喝奶
U+1F95B	🥛	一杯奶 牛奶 杯子 牛奶杯
U+2615	☕	热饮 咖啡 咖啡杯 喝咖啡 热饮料
U+1FAD6	🫖	茶壶 喝茶 茶 一壶 一壶茶
U+1F375	🍵	热茶 喝茶 茶 泡茶 茶杯 茶水
U+1F376	🍶	清酒 喝酒 酒 酒杯
U+1F37E	🍾	开香槟 喝酒 酒 瓶子
U+1F377	🍷	葡萄酒 喝酒 酒 酒杯
U+1F378	🍸	鸡尾酒 喝酒 酒
U+1F379	🍹	热带水果饮料 饮料 冷饮 果饮 热带饮料
U+1F37A	🍺	啤酒 喝酒 酒 啤
U+1F37B	🍻	干杯 喝酒 酒 啤酒 碰杯
U+1F942	🥂	碰杯 喝酒 酒 干杯
U+1F943	🥃	平底杯 喝酒 酒 一杯 一杯酒 威士忌 烈酒 玻璃杯
U+1FAD7	🫗	倾倒液体 喝酒 酒 倾倒
U+1F964	🥤	带吸管杯 杯子 饮料 外带杯子 果汁 苏打
U+1F9CB	🧋	珍珠奶茶 饮料 奶茶 一杯奶茶 波霸奶茶
U+1F9C3	🧃	饮料盒 饮料 吸管 果汁 果汁盒 盒装
U+1F9C9	🧉	马黛茶 饮料
U+1F9CA	🧊	冰块 冰 冰山 冷却 冷饮 加冰
U+1F962	🥢	筷子 筷
U+1F37D	🍽	餐具 盘
U+1F374	🍴	刀叉 惨剧 餐具
U+1F944	🥄	匙 勺子 匙子 汤勺 汤匙 调羹
U+1F52A	🔪	菜刀 小刀 水果刀 烹饪
U+1FAD9	🫙	罐 玻璃罐 玻璃瓶 瓶子 罐子
U+1F3FA	🏺	双耳瓶 瓶子 壶 罐子
U+1F30D	🌍	地球上的欧洲非洲 地球 欧洲 非洲 地球仪 欧洲地球仪 欧洲非洲地球仪 欧非地球仪 非洲欧洲
U+1F30E	🌎	地球上的美洲 地球 美洲 地球仪 美洲地球仪
U+1F30F	🌏	地球上的亚洲澳洲 地球 亚洲 澳洲 世界 亚洲地球仪 亚澳地球仪 澳亚地球仪 澳洲亚洲 澳洲地球仪
U+1F310	🌐	带经纬线的地球 地球 子午线 经纬 经纬线
U+1F5FA	🗺	世界地图 地图 世界
U+1F5FE	🗾	日本地图 地图 日本剪影
U+1F9ED	🧭	指南针 导航 指北针 方向 罗盘
U+1F3D4	🏔	雪山 山 高山
U+26F0	⛰	山 山峰 山脉 山顶
U+1F30B	🌋	火山 山 喷发 火山喷发 火山爆发
U+1F5FB	🗻	富士山 山
U+1F3D5	🏕	露营 帐篷 野营
U+1F3D6	🏖	沙滩伞 伞 沙滩 太阳伞 度假
U+1F3DC	🏜	沙漠 荒漠
U+1F3DD	🏝	无人荒岛 无人岛
U+1F3DE	🏞	国家公园 公园 自然 风景
U+1F3DF	🏟	体育馆 体育场 足球场
U+1F3DB	🏛	古典建筑 建筑 博物馆 古典 古建筑
U+1F3D7	🏗	施工 建筑施工 起重机
U+1F9F1	🧱	砖 墙壁 板儿砖 板砖 砖块 砖头 黏土
U+1FAA8	🪨	岩石 石头
U+1FAB5	🪵	木头 原木 木材
U+1F6D6	🛖	小屋 草屋 蒙古包
U+1F3D8	🏘	房屋建筑 建筑 住宅 居民区 房 房屋群
U+1F3DA	🏚	废墟 危楼 废弃的房屋 荒宅 荒废 鬼屋
U+1F3E0	🏠	房子 住宅楼 家 家庭 房屋
U+1F3E1	🏡	别墅 带花园的楼房 房子 花园
U+1F3E2	🏢	办公楼 写字楼
U+1F3E3	🏣	日本邮局 邮局
U+1F3E4	🏤	邮局 欧洲邮局
U+1F3E5	🏥	医院 医生
U+1F3E6	🏦	银行
U+1F3E8	🏨	酒店 宾馆 旅店 旅馆
U+1F3E9	🏩	情人酒店 酒店 情侣 情人宾馆 情人旅店 情人旅馆 情侣宾馆 情侣旅店 情侣旅馆 情侣酒店 爱情宾馆 爱情旅店 爱情旅馆 爱情酒店
U+1F3EA	🏪	便利店 超市 便利商店 小商店
U+1F3EB	🏫	学校 教学楼
U+1F3EC	🏬	商场 商超 百货商店 超市
U+1F3ED	🏭	工厂
U+1F3EF	🏯	日本城堡 城堡 日式城堡
U+1F3F0	🏰	欧洲城堡 城堡 欧式城堡
U+1F492	💒	婚礼 教堂 浪漫 结婚
U+1F5FC	🗼	东京塔 铁塔 东京
U+1F5FD	🗽	自由女神像 自由女神 雕塑
U+26EA	⛪	教堂 圣堂 基督
U+1F54C	🕌	清真寺 伊斯兰 清真 穆斯林
U+1F6D5	🛕	印度寺庙 寺庙 佛寺 佛教 印度庙 寺院 庙宇
U+1F54D	🕍	犹太教堂 教堂 会堂 犹太 犹太教会堂
U+26E9	⛩	神社 日本神社 神道教
U+1F54B	🕋	克尔白
U+26F2	⛲	喷泉 公园
U+26FA	⛺	帐篷
U+1F301	🌁	有雾 雾气 雾气笼罩的桥 雾蒙蒙 雾都 霾
U+1F303	🌃	夜晚 半夜 星光闪闪的夜晚 晚上 深夜
U+1F3D9	🏙	城市风光 城市 城市景观 都市 都市景观 都市风光
U+1F304	🌄	山顶日出 日出 大山日出 山中日出 旭日 旭日东升 清晨
U+1F305	🌅	日出 旭日 旭日东升 清晨
U+1F306	🌆	城市黄昏 黄昏 傍晚 夜晚 日落 暮色 暮色中的城市 都市
U+1F307	🌇	日落 夕阳 大厦夕阳 落日
U+1F309	🌉	夜幕下的桥 桥 夜幕 夜间大桥 夜间的大桥 晚上
U+2668	♨	温泉 休息
U+1F3A0	🎠	旋转木马 旋木 游乐园
U+1F6DD	🛝	游乐场滑梯 滑梯 滑滑梯
U+1F3A1	🎡	摩天轮
U+1F3A2	🎢	过山车
U+1F488	💈	理发店 旋转 理发店招牌
U+1F3AA	🎪	马戏团帐篷 帐篷 马戏 马戏团
U+1F682	🚂	蒸汽火车 火车 高铁 蒸汽
U+1F683	🚃	轨道车 火车 高铁
U+1F684	🚄	高速列车 火车 高铁 动车 新干线
U+1F685	🚅	子弹头高速列车 火车 高铁 动车 新干线 高速 高速子弹头列车
U+1F686	🚆	火车 绿皮火车
U+1F687	🚇	地铁 地下铁路
U+1F688	🚈	轻轨 铁轨 轨道 轻轨电车
U+1F689	🚉	车站 火车站 站台
U+1F68A	🚊	路面电车 电车
U+1F69D	🚝	单轨 电车 单轨铁路
U+1F69E	🚞	山区铁路 火车 山区
U+1F68B	🚋	有轨电车 火车 电车
U+1F68C	🚌	公交车 公共汽车 公车 大巴 巴士
U+1F68D	🚍	迎面驶来的公交车 公共汽车 公车 大巴 巴士
U+1F68E	🚎	无轨电车 电车
U+1F690	🚐	小巴 小巴车 五菱 五菱宏光 面包车
U+1F691	🚑	救护车 急救 急救车
U+1F692	🚒	消防车 救火车
U+1F693	🚓	警车 巡逻 警察
U+1F694	🚔	迎面驶来的警车 警车 报警
U+1F695	🚕	出租车 的士
U+1F696	🚖	迎面驶来的出租车 出租车 的士
U+1F697	🚗	汽车 小汽车 小轿车 私家车
U+1F698	🚘	迎面驶来的汽车 汽车 小汽车 小轿车 私家车
U+1F699	🚙	运动型多用途车 汽车 休闲车 越野车
U+1F6FB	🛻	敞蓬小型载货卡车 货车 卡车 皮卡 皮卡车
U+1F69A	🚚	货车 卡车 物流 送货车
U+1F69B	🚛	铰接式货车 货车 卡车 大卡车 拖车
U+1F69C	🚜	拖拉机
U+1F3CE	🏎	赛车 方程式赛车 跑车
U+1F3CD	🏍	摩托车 摩托
U+1F6F5	🛵	小型摩托车 摩托车 小电驴 电动车 电瓶车
U+1F9BD	🦽	手动轮椅 轮椅 残疾人
U+1F9BC	🦼	电动轮椅 轮椅
U+1F6FA	🛺	三轮摩托车 摩托车 三脚鸡 三蹦子 三轮车 嘟嘟车 自动人力车
U+1F6B2	🚲	自行车 单车 脚踏车
U+1F6F4	🛴	滑板车 滑板
U+1F6F9	🛹	滑板
U+1F6FC	🛼	四轮滑冰鞋 滑冰鞋 旱冰鞋 旱冰 滑旱冰 轮滑 轮滑鞋
U+1F68F	🚏	公交车站 车站 公交站 公共汽车站
U+1F6E3	🛣	高速公路 高速
U+1F6E4	🛤	铁轨 轨道 铁路
U+1F6E2	🛢	石油桶 石油
U+26FD	⛽	油泵 石油 加油 加油站 柴油 燃油
U+1F6DE	🛞	车轮 轮子 车轮子 车轱辘 轮胎
U+1F6A8	🚨	警车灯 警灯 报警 报警灯 警报 警示 警车旋转灯
U+1F6A5	🚥	横向的红绿灯 红绿灯 交通信号灯 交通灯
U+1F6A6	🚦	纵向的红绿灯 红绿灯 交通信号灯 交通灯
U+1F6D1	🛑	停止标志 停止 停 八边形
U+1F6A7	🚧	路障 前方施工 施工中 施工符号
U+2693	⚓	锚 停泊 船锚
U+1F6DF	🛟	救生圈 救生 泳圈 游泳圈
U+26F5	⛵	帆船
U+1F6F6	🛶	独木舟
U+1F6A4	🚤	快艇 赛艇
U+1F6F3	🛳	客轮 客船
U+26F4	⛴	渡轮 渡船 轮渡 轮船
U+1F6E5	🛥	摩托艇
U+1F6A2	🚢	船 海运 轮船 邮轮
U+2708	✈	飞机 旅行
U+1F6E9	🛩	小型飞机 飞机
U+1F6EB	🛫	航班起飞 飞机 起飞 登机 飞机起飞
U+1F6EC	🛬	航班降落 飞机 降落 着陆 飞机着陆
U+1FA82	🪂	降落伞 帆伞 滑翔 滑翔伞 跳伞
U+1F4BA	💺	座位 椅子
U+1F681	🚁	直升机 直升飞机
U+1F69F	🚟	空轨 悬挂 空中轨道列车 高架铁路
U+1F6A0	🚠	缆车 索道 空中 高山索道
U+1F6A1	🚡	索道 缆车 空中 空中缆车
U+1F6F0	🛰	卫星 人造卫星
U+1F680	🚀	火箭
U+1F6F8	🛸	飞碟 不明飞行物
U+1F6CE	🛎	服务铃 响铃
U+1F9F3	🧳	行李箱 包装 旅行 行李
U+231B	⌛	沙漏
U+23F3	⏳	沙正往下流的沙漏 沙漏
U+231A	⌚	手表 时间
U+23F0	⏰	闹钟 闹表
U+23F1	⏱	秒表 码表 计时器
U+23F2	⏲	定时器
U+1F570	🕰	座钟 台钟 壁炉钟
U+1F55B	🕛	十二点 十二点钟
U+1F567	🕧	十二点半
U+1F550	🕐	一点 一点钟
U+1F55C	🕜	一点半
U+1F551	🕑	两点 两点钟
U+1F55D	🕝	两点半
U+1F552	🕒	三点 三点钟
U+1F55E	🕞	三点半
U+1F553	🕓	四点 四点钟
U+1F55F	🕟	四点半
U+1F554	🕔	五点 五点钟
U+1F560	🕠	五点半
U+1F555	🕕	六点 六点钟
U+1F561	🕡	六点半
U+1F556	🕖	七点 七点钟
U+1F562	🕢	七点半
U+1F557	🕗	八点 八点钟
U+1F563	🕣	八点半
U+1F558	🕘	九点 九点钟
U+1F564	🕤	九点半
U+1F559	🕙	十点 十点钟
U+1F565	🕥	十点半
U+1F55A	🕚	十一点 十一点钟
U+1F566	🕦	十一点半
U+1F311	🌑	朔月 月亮 新月
U+1F312	🌒	娥眉月 月亮 三日月 弯月 月食 残月 蛾眉月
U+1F313	🌓	上弦月 月亮
U+1F314	🌔	盈凸月 月亮
U+1F315	🌕	满月 月亮 圆月 月球 望月
U+1F316	🌖	亏凸月 月亮
U+1F317	🌗	下弦月 月亮
U+1F318	🌘	残月 月亮 亏眉月 弯月 月食 蛾眉月
U+1F319	🌙	弯月 月亮 月牙
U+1F31A	🌚	微笑的朔月 月亮 微笑的新月 黑脸
U+1F31B	🌛	微笑的上弦月 月亮 上弦月 娥眉月
U+1F31C	🌜	微笑的下弦月 月亮 下弦月
U+1F321	🌡	温度计 天气 气温
U+2600	☀	太阳 晴天 日 放射光线的实心太阳
U+1F31D	🌝	微笑的月亮 月亮 圆月 微笑的满月 望月
U+1F31E	🌞	微笑的太阳 太阳
U+1FA90	🪐	有环行星 行星 土星 星球
U+2B50	⭐	星星 五角星
U+1F31F	🌟	闪亮的星星 星星 发光 明星 闪耀的星星
U+1F320	🌠	流星 许愿
U+1F30C	🌌	银河 星空 银河系
U+2601	☁	云 云彩 云朵 天气
U+26C5	⛅	阴 乌云蔽日 多云 阴天
U+26C8	⛈	雷阵雨 下大雨 大雨
U+1F324	🌤	晴偶有云 云 少云 白日小云
U+1F325	🌥	多云
U+1F326	🌦	晴转雨
U+1F327	🌧	下雨 雨云
U+1F328	🌨	下雪 雪云
U+1F329	🌩	打雷 闪电 雷云
U+1F32A	🌪	龙卷风 旋风
U+1F32B	🌫	雾 雾霾
U+1F32C	🌬	大风 吹口气 吹拂 吹风 狂风 风吹拂 风吹拂的脸
U+1F300	🌀	台风 旋风 气旋 漩涡 蚊香 飓风
U+1F308	🌈	彩虹
U+1F302	🌂	收起的伞 伞 雨伞 收起的雨伞
U+2602	☂	伞 雨伞 伞状 打伞 撑伞
U+2614	☔	雨伞 伞 下雨 打伞 撑伞 雨滴 带雨点的雨伞
U+26F1	⛱	阳伞 伞 沙滩伞 遮阳伞
U+26A1	⚡	高压 危险 电 闪电 高压电
U+2744	❄	雪花 雪 下雪
U+2603	☃	雪与雪人 雪人
U+26C4	⛄	雪人 堆雪人
U+2604	☄	彗星 哈雷 哈雷彗星
U+1F525	🔥	火焰 火 火了 点燃 燃烧 着火 着火了
U+1F4A7	💧	水滴 一滴 一滴水 水珠 汗滴
U+1F30A	🌊	浪花 大浪 波 波浪 海洋
U+1F383	🎃	南瓜灯 万圣节 南瓜头 灯笼
U+1F384	🎄	圣诞树
U+1F386	🎆	焰火 烟花 礼花
U+1F387	🎇	烟花 火花 烟火 焰火 礼花
U+1F9E8	🧨	爆竹 灭火器 炸药 鞭炮
U+2728	✨	闪亮 星星 金光闪闪 金闪闪 闪光 闪耀
U+1F388	🎈	气球 庆典
U+1F389	🎉	拉炮彩带 彩带 欢迎 庆祝 恭喜 派对 派对礼宾花 祝贺
U+1F38A	🎊	五彩纸屑球 纸屑 欢迎 彩色碎纸 碎花彩球 糖果球
U+1F38B	🎋	七夕树 七夕 七夕节
U+1F38D	🎍	门松 盆栽 竹
U+1F38E	🎎	日本人形 玩偶 人偶 日本人 日本人偶 日本娃娃
U+1F38F	🎏	鲤鱼旗 鲤鱼 男孩节
U+1F390	🎐	风铃 铃铛
U+1F391	🎑	赏月 中秋 中秋佳节 中秋节 观月
U+1F9E7	🧧	红包 发红包 礼物 运气
U+1F380	🎀	蝴蝶结 丝带 缎带
U+1F381	🎁	礼物 包装 包装盒 盒子 礼 礼品 礼品盒 礼物盒
U+1F397	🎗	提示丝带 丝带 暗示 黄丝带
U+1F39F	🎟	入场券 票 门票
U+1F3AB	🎫	票 入场券 电影票 车票 门票
U+1F396	🎖	军功章 军队 勋章 奖章 鞠躬勋章
U+1F3C6	🏆	奖杯 冠军 奖励 奖品 奖赏
U+1F3C5	🏅	奖牌 运动会奖牌
U+1F947	🥇	金牌 第一
U+1F948	🥈	银牌 第二
U+1F949	🥉	铜牌 第三
U+26BD	⚽	足球 英式足球
U+26BE	⚾	棒球
U+1F94E	🥎	垒球
U+1F3C0	🏀	篮球
U+1F3D0	🏐	排球
U+1F3C8	🏈	美式橄榄球 橄榄球 美式足球
U+1F3C9	🏉	英式橄榄球 橄榄球
U+1F3BE	🎾	网球
U+1F94F	🥏	飞盘 极限 终极
U+1F3B3	🎳	保龄球 保龄球瓶
U+1F3CF	🏏	板球 板球拍
U+1F3D1	🏑	曲棍球
U+1F3D2	🏒	冰球
U+1F94D	🥍	袋棍球 棍网球 球门
U+1F3D3	🏓	乒乓球 乒乓球拍
U+1F3F8	🏸	羽毛球 球拍 羽毛球拍
U+1F94A	🥊	拳击手套 拳击 手套
U+1F94B	🥋	练武服 柔道 柔道服 武术 武术服 空手道 空手道服 跆拳道 跆拳道服
U+1F945	🥅	球门 球网 球门网
U+26F3	⛳	高尔夫球洞 高尔夫
U+26F8	⛸	滑冰 冰刀 溜冰 溜冰鞋
U+1F3A3	🎣	钓鱼竿 渔竿 钓竿 钓鱼
U+1F93F	🤿	潜水面罩 面罩 浮潜 深潜 潜水
U+1F3BD	🎽	运动背心 上衣 跑步
U+1F3BF	🎿	滑雪 滑雪橇 滑雪装备
U+1F6F7	🛷	雪橇 乘雪橇 坐雪橇 驾雪橇
U+1F94C	🥌	冰壶 冰上溜石
U+1F3AF	🎯	正中靶心的飞镖 飞镖 命中 靶心
U+1FA80	🪀	悠悠球 溜溜球 玩具
U+1FA81	🪁	风筝 放风筝 纸鸢 翱翔 风鸢
U+1F52B	🔫	水枪 手枪 滋水枪 玩具枪
U+1F3B1	🎱	台球 桌球 黑八
U+1F52E	🔮	水晶球 占卜 命运
U+1FA84	🪄	魔棒 魔杖 魔法棒
U+1F3AE	🎮	游戏手柄 手柄 打游戏 电子游戏手柄 视频游戏手柄
U+1F579	🕹	游戏操控杆 操控杆 摇杆 操纵杆 游戏摇杆
U+1F3B0	🎰	老虎机 角子机 赌博 赌场
U+1F3B2	🎲	骰子 色子 赌博 酒桌游戏
U+1F9E9	🧩	拼图 图片 拼图块 拼块 拼块儿 线索
U+1F9F8	🧸	泰迪熊 填充 泰迪 玩偶 玩具
U+1FA85	🪅	彩罐 皮纳塔
U+1FAA9	🪩	镜球 迪斯科 镜面球
U+1FA86	🪆	套娃 俄罗斯套娃
U+2660	♠	黑桃 扑克
U+2665	♥	喜欢 心 心形 扑克 爱 爱心 红心 红桃
U+2666	♦	方片 扑克 方板 方块
U+2663	♣	梅花 草花 扑克
U+265F	♟	兵 国际象棋 国际象棋兵 牺牲品
U+1F0CF	🃏	大小王 大王 小丑牌 扑克 鬼牌
U+1F004	🀄	红中 麻将
U+1F3B4	🎴	花札 扑克牌 花扑克牌 花牌
U+1F3AD	🎭	表演艺术 表演 剧院 戏剧 面具
U+1F5BC	🖼	带框的画 画 一幅画 博物馆 带画框的图片 框 画框
U+1F3A8	🎨	调色盘 博物馆 画 画板 画画 美术 艺术 调色板
U+1F9F5	🧵	线 线轴 绳子 缝纫
U+1FAA1	🪡	缝合针 绣花针 缝纫针 缝衣针
U+1F9F6	🧶	毛线 毛线球 纱线 线团 编织
U+1FAA2	🪢	结 打结 绳子 绳结
U+1F453	👓	眼镜 眼睛 近视 近视眼
U+1F576	🕶	墨镜 太阳镜
U+1F97D	🥽	护目镜 泳镜 游泳镜 焊接
U+1F97C	🥼	白大褂 实验室外衣 白大褂儿 科学家
U+1F9BA	🦺	救生衣 安全背心 紧急 逃生
U+1F454	👔	领带 衣服 衬衫领带
U+1F455	👕	tntl 上衣 恤衫 汗衫 男士衬衫 男衬衫 短袖
U+1F456	👖	牛仔裤 裤子
U+1F9E3	🧣	围巾
U+1F9E4	🧤	手套
U+1F9E5	🧥	外套 夹克 夹克衫
U+1F9E6	🧦	袜子 短袜 长袜
U+1F457	👗	连衣裙 裙子 衣服 长裙
U+1F458	👘	和服 浴衣
U+1F97B	🥻	纱丽 印度 披肩
U+1FA71	🩱	连体泳衣 泳衣 泳装 比基尼 biki
U+1FA72	🩲	三角裤 内裤 底裤 短裤
U+1FA73	🩳	短裤 内裤 四角裤 泳衣 泳装 裤子
U+1F459	👙	比基尼 泳衣 泳装 biki 三点式 内衣
U+1F45A	👚	女装 女士衬衫 女衬衫
U+1FAAD	🪭	折扇 扇子
U+1F45B	👛	钱包 女士钱包 零钱包
U+1F45C	👜	手提包 包 包包 女包 手提袋 挎包
U+1F45D	👝	手袋 袋子 手拿包 皮包 荷包
U+1F6CD	🛍	购物袋 袋子 逛街
U+1F392	🎒	书包 双肩包 背包 背囊
U+1FA74	🩴	夹趾凉鞋 凉鞋 鞋子 人字拖 拖鞋 沙滩凉鞋
U+1F45E	👞	男鞋 鞋子 皮鞋
U+1F45F	👟	跑鞋 鞋子 休闲鞋 板儿鞋 板鞋 网球鞋 运动鞋
U+1F97E	🥾	登山鞋 鞋子 徒步
U+1F97F	🥿	平底鞋 鞋子 便鞋
U+1F460	👠	高跟鞋 鞋子 女鞋 高跟儿 高跟儿鞋
U+1F461	👡	女式凉鞋 凉鞋 鞋子 高跟儿凉鞋 高跟凉鞋
U+1FA70	🩰	芭蕾舞鞋 鞋子 舞蹈 足尖鞋
U+1F462	👢	女靴 鞋子 长靴 靴子 高跟儿靴 高跟靴
U+1FAAE	🪮	发夹 叉梳 梳子
U+1F451	👑	皇冠 王冠 皇族
U+1F452	👒	女帽 帽子 宽檐帽 带蝴蝶结的帽子
U+1F3A9	🎩	礼帽 帽子 高帽 高顶礼帽
U+1F393	🎓	毕业帽 帽子 四方帽 学士帽
U+1F9E2	🧢	鸭舌帽 帽子 棒球帽
U+1FA96	🪖	军用头盔 头盔 军人 军盔
U+26D1	⛑	白十字头盔 头盔 安全帽 十字头盔 十字安全帽 白十字安全帽
U+1F4FF	📿	念珠 珠子 项链
U+1F484	💄	唇膏 化妆品 口红
U+1F48D	💍	戒指 ring 星钻 求婚戒 订婚戒 钻戒
U+1F48E	💎	宝石 钻石 diam jewe 钻
U+1F507	🔇	已静音的扬声器 扬声器 loud 扬声器关闭 无声 静音
U+1F508	🔈	低音量的扬声器 扬声器 loud 小声 轻声 音量
U+1F509	🔉	中等音量的扬声器 扬声器 loud 中等音量
U+1F50A	🔊	高音量的扬声器 扬声器 loud 大声 大音量 高音量
U+1F4E2	📢	喇叭 扩音器 loud 公共广播 通知
U+1F4E3	📣	扩音器 喇叭 loud 呼喊 喇叭筒 大喇叭 通知
U+1F4EF	📯	邮号 号角 邮政喇叭
U+1F514	🔔	铃铛 响铃 叮当
U+1F515	🔕	禁止响铃 响铃 铃铛 响铃关闭 无声 静音 静音铃铛
U+1F3BC	🎼	乐谱 音符 五线谱
U+1F3B5	🎵	音符 音 音乐
U+1F3B6	🎶	多个音符 音符 音乐
U+1F399	🎙	录音室麦克风 麦克风 话筒 micp 录音室 录音麦克风
U+1F39A	🎚	电平滑块 电平 调节
U+1F39B	🎛	控制旋钮 旋钮 控制 调节
U+1F3A4	🎤	麦克风 话筒 micp 唱歌
U+1F3A7	🎧	耳机 earp 头戴式耳机
U+1F4FB	📻	收音机 radi 广播 收听 无线电 电台
U+1F3B7	🎷	萨克斯管 萨克斯 saxo 管弦乐器 萨克斯风
U+1FA97	🪗	手风琴 acco
U+1F3B8	🎸	吉他 guit 乐器 弹奏 电吉他
U+1F3B9	🎹	音乐键盘 音乐 乐器 琴键 钢琴 钢琴按键 钢琴键
U+1F3BA	🎺	小号
U+1F3BB	🎻	小提琴 viol
U+1FA95	🪕	班卓琴 banj 弦乐器
U+1F941	🥁	鼓 打鼓 drum 敲鼓
U+1FA98	🪘	长鼓 康加鼓
U+1FA87	🪇	沙球 沙锤
U+1FA88	🪈	长笛 笛子 flut 竖笛
U+1FA89	🪉	竖琴 harp
U+1F4F1	📱	手机 cell 智能手机 移动电话
U+1F4F2	📲	带有箭头的手机 手机 cell 手机来电
U+260E	☎	电话 tele 固定电话 固话 座机 实心电话
U+1F4DE	📞	电话听筒 听筒 固话 座机 电话筒
U+1F4DF	📟	寻呼机 传呼机
U+1F4E0	📠	传真机 传真 发传真
U+1F50B	🔋	电池 电量 电极 电源 蓄电池
U+1FAAB	🪫	电池电量不足 电量 电池 低电量 没电 电池不足 电量低
U+1F50C	🔌	电源插头 插头 电插头 电源 电线
U+1F4BB	💻	笔记本电脑 电脑 个人电脑 手提电脑 笔电
U+1F5A5	🖥	台式电脑 电脑 显示器 显示屏 计算机
U+1F5A8	🖨	打印机 印刷机 复印 打印 扫描
U+2328	⌨	键盘 打字 输入 电脑键盘
U+1F5B1	🖱	电脑鼠标 鼠标 点击
U+1F5B2	🖲	轨迹球 鼠标
U+1F4BD	💽	电脑光盘 光盘 光驱 光碟 硬盘 迷你光盘 迷你光碟
U+1F4BE	💾	软盘 磁盘 存储
U+1F4BF	💿	光盘 专辑 存储
U+1F4C0	📀	dvd 光盘 光碟
U+1F9EE	🧮	算盘 打算盘 计算
U+1F3A5	🎥	电影摄影机 摄影机 摄像机 摄录机 电影
U+1F39E	🎞	影片帧 影片 帧 电影 电影胶片 胶卷 菲林
U+1F4FD	📽	电影放映机 放映机 上映 影片 投影仪 放映 视频
U+1F3AC	🎬	场记板 剪辑 场记 打板 拍电影
U+1F4FA	📺	电视机 电视
U+1F4F7	📷	相机 卡片相机 照相机
U+1F4F8	📸	开闪光灯的相机 相机 拍照 闪光灯 闪光灯打开
U+1F4F9	📹	摄像机 录像 录像机 录影 拍摄 摄影机 视频
U+1F4FC	📼	录像带 录影带 磁带
U+1F50D	🔍	左斜的放大镜 放大镜 搜索 放大 查找
U+1F50E	🔎	右斜的放大镜 放大镜 搜索 查找
U+1F56F	🕯	蜡烛 烛光 烛火 照明 燃烧
U+1F4A1	💡	灯泡 主意 亮 想法 灯 电灯 电灯泡 白炽灯
U+1F526	🔦	手电筒 电筒 手电 照明
U+1F3EE	🏮	红灯笼 灯笼 大红灯笼 大红灯笼高高挂 居酒屋 居酒屋灯笼
U+1FA94	🪔	印度油灯 油灯 迪亚
U+1F4D4	📔	精装笔记本 笔记本 封面 日记本 本子 记事本 记录
U+1F4D5	📕	合上的书本 书本 小红书 第一卷 红色书本 红色的书
U+1F4D6	📖	打开的书本 书本 书 书籍 图书 打开的书
U+1F4D7	📗	绿色书本 书本 教科书 第二卷 绿色的书
U+1F4D8	📘	蓝色书本 书本 第三卷 蓝色的书
U+1F4D9	📙	橙色书本 书本 橘色书本 橘色的书 橙色的书 第四卷
U+1F4DA	📚	书 书本 书籍 图书 学习
U+1F4D3	📓	笔记本 日记本 本子 记事本 记录
U+1F4D2	📒	账本 笔记本 日记本 记事本 记账 账簿
U+1F4C3	📃	带卷边的页面 记录 页面 笔记本 卷边的纸 带卷边的纸
U+1F4DC	📜	卷轴 画卷 羊皮纸
U+1F4C4	📄	文件 文书 文档 纸
U+1F4F0	📰	报纸 报道 新闻
U+1F5DE	🗞	报纸卷 报纸 卷起 卷起的报纸 新闻
U+1F4D1	📑	标签页 标签 书签 书签标签 页签
U+1F516	🔖	书签
U+1F3F7	🏷	标签 吊牌 标记 行李牌
U+1F4B0	💰	钱袋 钱 奖金 工资 金钱
U+1FA99	🪙	硬币 钱 钢镚 钢镚儿 钱币
U+1F4B4	💴	日元 日元钞票
U+1F4B5	💵	美元 纸币 美元钞票
U+1F4B6	💶	欧元 欧元钞票
U+1F4B7	💷	英镑 英镑钞票
U+1F4B8	💸	长翅膀的钱 钱 mone 纸币 翅膀钱 花钱 钱飞了 长了翅膀的钱
U+1F4B3	💳	信用卡 cred 借记卡 刷卡 贷记卡 银行卡
U+1F9FE	🧾	收据 凭据 发票 记账 证明 账单
U+1F4B9	💹	趋势向上且带有日元符号的图表 图表 上涨 走势
U+2709	✉	信封 信 信件 来信 邮件 写信 信息
U+1F4E7	📧	电子邮件 邮件
U+1F4E8	📨	来信 收到来信 收到邮件 新邮件
U+1F4E9	📩	收邮件 发信 发出 发送 发邮件
U+1F4E4	📤	发件箱 发件 发信 发送 发邮件
U+1F4E5	📥	收件箱 接收 收件 收信 收到 收到邮件 收邮件
U+1F4E6	📦	包裹 包 快递 打包 盒子 箱子 纸箱 纸箱子 运送
U+1F4EB	📫	有待收信件 信箱
U+1F4EA	📪	无待收信件 信箱
U+1F4EC	📬	有新信件
U+1F4ED	📭	无新信件
U+1F4EE	📮	邮筒 邮箱
U+1F5F3	🗳	投票箱 箱子 投票 选举 选票
U+270F	✏	铅笔 橡皮 画画 画笔 绘画
U+2712	✒	钢笔尖 笔 钢笔 硬笔
U+1F58B	🖋	钢笔 笔 硬笔
U+1F58A	🖊	笔 原子笔 圆珠笔 钢笔
U+1F58C	🖌	画笔 笔 毛笔 画刷 笔刷
U+1F58D	🖍	蜡笔 笔 画棒
U+1F4DD	📝	备忘录 便条 便笺 便签 备忘 记
U+1F4BC	💼	公文包 包 上班 公事包 工作 手提包
U+1F4C1	📁	文件夹 办公
U+1F4C2	📂	打开的文件夹 文件夹 打开
U+1F5C2	🗂	索引分隔文件夹 文件夹 卡片索引分隔卡
U+1F4C5	📅	日历 日期
U+1F4C6	📆	手撕日历 日历
U+1F5D2	🗒	线圈本 笔记本 线圈笔记本
U+1F5D3	🗓	线圈日历 日历 线圈
U+1F4C7	📇	卡片索引 卡片 索引 卡牌索引 目录
U+1F4C8	📈	趋势向上的图表 图表 上升 上涨 增 增加 增大 增长 暴涨
U+1F4C9	📉	趋势向下的图表 图表 下跌 下降 减少 暴跌 降低
U+1F4CA	📊	条形图 图表 柱形图 柱状图 直方图
U+1F4CB	📋	剪贴板 写字板 夹子 纸张
U+1F4CC	📌	图钉 固定
U+1F4CD	📍	圆图钉 图钉 固定 大头针
U+1F4CE	📎	回形针 曲别针
U+1F587	🖇	连起来的两个回形针 回形针 曲别针
U+1F4CF	📏	直尺 尺子 测量 长度
U+1F4D0	📐	三角尺 三角板 测量 角度
U+2702	✂	剪刀 剪 剪子
U+1F5C3	🗃	卡片盒 卡片存档盒 存档 档案
U+1F5C4	🗄	文件柜 存档 归档 档案
U+1F5D1	🗑	垃圾桶 垃圾 垃圾篓 废纸篓
U+1F512	🔒	合上的锁 锁 锁上 上锁 锁住 锁头 门锁
U+1F513	🔓	打开的锁 锁 打开 开锁 解锁 锁头 门锁
U+1F50F	🔏	墨水笔和锁 锁 墨水笔 带墨水笔的锁 隐私 隐秘
U+1F510	🔐	钥匙和锁 锁 钥匙 安全 密钥 已锁上但挂着钥匙的锁 解锁
U+1F511	🔑	钥匙 密码 密钥 开锁
U+1F5DD	🗝	老式钥匙 钥匙 古老的钥匙 复古钥匙 旧钥匙 老钥匙
U+1F528	🔨	锤子 榔头 铁锤
U+1FA93	🪓	斧头 斧 斧子 木头
U+26CF	⛏	铁镐 挖掘 采矿 锄头 鹤嘴锄
U+2692	⚒	锤子与镐 锤子 锤子和镐
U+1F6E0	🛠	锤子与扳手 锤子 扳手 工具 锤子和扳手 锤子扳手
U+1F5E1	🗡	匕首 短刀 短剑
U+2694	⚔	交叉放置的剑 剑 宝剑 双剑 双剑交叉 开始战斗 开战
U+1F4A3	💣	炸弹
U+1FA83	🪃	回旋镖 回力棒 回力镖 回飞棒 飞去来器 飞旋镖
U+1F3F9	🏹	弓和箭 弓箭 射手 射箭
U+1F6E1	🛡	盾牌 盾 防御
U+1FA9A	🪚	木工锯 锯子 手锯
U+1F527	🔧	扳手 修 修理 工具 螺丝扳手
U+1FA9B	🪛	螺丝刀
U+1F529	🔩	螺母与螺栓 螺母 螺栓 螺丝 螺帽 螺母及螺栓 螺母和螺栓 螺母螺栓
U+2699	⚙	齿轮 机械 零件
U+1F5DC	🗜	夹钳 钳子 夹具 机械
U+2696	⚖	天平 秤 公平 公正 正义 法律
U+1F9AF	🦯	盲杖 手杖 拐杖 白手杖
U+1F517	🔗	链接 铁链 连接 链条 网址 锁链
U+26D3-FE0F-200D-1F4A5	⛓️‍💥	断链 铁链 链接 连接 链条
U+26D3	⛓	链条 链接 铁链 连接 铁链子 锁链
U+1FA9D	🪝	挂钩 钩子 弯钩 铁钩
U+1F9F0	🧰	工具箱 箱子
U+1F9F2	🧲	磁铁 吸引力 吸铁石 磁 磁力 磁性 磁石
U+1FA9C	🪜	梯子 搭梯子 爬梯 爬梯子 科学上网 翻墙 魔法上网
U+1FA8F	🪏	铲子
U+2697	⚗	蒸馏器 净化 蒸馏
U+1F9EA	🧪	试管 化学
U+1F9EB	🧫	培养皿 生物学 细菌
U+1F9EC	🧬	dna 基因 生命 脱氧核糖核酸 进化 遗传学
U+1F52C	🔬	显微镜 生物 细胞
U+1F52D	🔭	望远镜
U+1F4E1	📡	卫星天线 卫星 天线 接收天线 雷达
U+1F489	💉	注射器 打针 医学 治疗 针头 针筒
U+1FA78	🩸	血滴 血 医疗 滴血 献血 输血
U+1F48A	💊	药丸 吃药 胶囊 药物
U+1FA79	🩹	创可贴 伤口 创口贴 绷带 胶布
U+1FA7C	🩼	拐杖
U+1FA7A	🩺	听诊器 医疗 心脏 心跳 诊断
U+1FA7B	🩻	射线 xxxx xtmx 拍片 胸片 胸透 透视
U+1F6AA	🚪	门 出入口 大门 房门 门子
U+1F6D7	🛗	电梯 升降机
U+1FA9E	🪞	镜子 魔镜
U+1FA9F	🪟	窗户
U+1F6CF	🛏	床 宾馆 睡眠
U+1F6CB	🛋	沙发和灯 沙发
U+1FA91	🪑	椅子 凳子
U+1F6BD	🚽	马桶
U+1FAA0	🪠	活塞 吸把 搋子 水拔子 皮老虎 通通乐 马桶 马桶吸 马桶吸把 马桶吸盘 马桶塞 马桶抽子 马桶搋 马桶搋子 马桶疏通器
U+1F6BF	🚿	淋浴 喷头 喷水
U+1F6C1	🛁	浴缸 沐浴 泡澡 洗澡 澡盆
U+1FAA4	🪤	捕鼠器 捕鼠夹 陷阱
U+1FA92	🪒	剃须刀 刮胡刀 剃刀 手动刮胡刀 胡子 锋利
U+1F9F4	🧴	乳液瓶 乳液 护肤霜 沐浴露 洗发水 洗发露 洗洁精 防晒霜
U+1F9F7	🧷	安全别针 别针 扣针
U+1F9F9	🧹	扫帚 女巫 打扫 扫地 扫把 笤帚
U+1F9FA	🧺	筐 竹篮 篮子 菜篮 菜篮子
U+1F9FB	🧻	卷纸 卫生纸 纸巾
U+1FAA3	🪣	桶 圆桶 水桶
U+1F9FC	🧼	皂 杀菌 洗手 清洁 肥皂 肥皂泡 肥皂盒 香皂
U+1FAE7	🫧	气泡 泡泡
U+1FAA5	🪥	牙刷 刷牙
U+1F9FD	🧽	海绵 吸水 清洁 清洗 渗透
U+1F9EF	🧯	灭火器 灭火
U+1F6D2	🛒	购物车 手推车 采购
U+1F6AC	🚬	香烟 一支烟 卷烟 吸烟 抽烟 来一根 来一根儿 点烟 烤烟 纸烟
U+26B0	⚰	棺材 埋葬 死亡 灵柩 葬礼 陵墓
U+1FAA6	🪦	墓碑 坟墓
U+26B1	⚱	奉金瓮 瓮 葬礼 金塔 骨坛 骨灰盒 骨灰缸 骨瓮 黄金瓮 骨灰
U+1F9FF	🧿	纳扎尔护身符 护身符 恶魔之眼 恶魔的眼 恶魔眼 珠子
U+1FAAC	🪬	法蒂玛之手 法蒂玛
U+1F5FF	🗿	摩埃 复活岛 复活节岛 复活节岛石像 摩艾石像
U+1FAA7	🪧	标语牌 标语 告示牌 布告 布告牌
U+1FAAA	🪪	身份证 执照 证件 证照 驾照
U+1F3E7	🏧	取款机 提款机 柜员机 银行
U+1F6AE	🚮	倒垃圾 丢垃圾 垃圾丢弃处 垃圾入篓 垃圾入篓标志 扔垃圾
U+1F6B0	🚰	饮用水 水龙头 直饮水 饮水处
U+267F	♿	轮椅标识 轮椅 无障碍 残疾 残障 轮椅标志
U+1F6B9	🚹	男厕 卫生间 厕所 男厕所 男士 男士标志 男士符号 男洗手间
U+1F6BA	🚺	女厕 卫生间 厕所 女厕所 女士 女士标志 女士符号 女洗手间
U+1F6BB	🚻	卫生间 厕所 洗手间 盥洗室
U+1F6BC	🚼	宝宝 baby 婴儿 婴儿标志 婴儿符号 母婴室
U+1F6BE	🚾	厕所 卫生间 洗手间 盥洗室
U+1F6C2	🛂	护照检查 护照 安检 护照检查处 检查护照 通行证
U+1F6C3	🛃	海关 海关检查
U+1F6C4	🛄	提取行李 行李 提取 行李领取 行李领取处 领取行李
U+1F6C5	🛅	寄存行李 行李 寄存 行李寄存 行李寄存处
U+26A0	⚠	警告 危险 注意 预警
U+1F6B8	🚸	儿童过街 交通 学童过街 安全 当心儿童 注意儿童 行人
U+26D4	⛔	禁止通行 禁止进入 禁止驶入 请勿入内 请勿驶入
U+1F6AB	🚫	禁止 不准 不许 严禁 阻止
U+1F6B3	🚳	禁止自行车 禁止骑行 禁止骑车
U+1F6AD	🚭	禁止吸烟 抽烟 禁烟 请勿吸烟
U+1F6AF	🚯	禁止乱扔垃圾 勿丢垃圾 勿扔垃圾 禁丢垃圾 禁止丢垃圾 禁止乱丢垃圾 禁止扔垃圾 请勿乱丢垃圾 请勿乱扔垃圾
U+1F6B1	🚱	非饮用水 请勿饮用
U+1F6B7	🚷	禁止行人通行 禁止行人
U+1F4F5	📵	禁止使用手机 禁止打电话
U+1F51E	🔞	十八禁 成人 未成年 未成年不宜 色情
U+2622	☢	辐射 放射性
U+2623	☣	生物危害 动物 生化危机 瘟疫公司
U+2B06	⬆	向上箭头 向上 上 上箭头 箭头
U+2197	↗	右上箭头 右上 箭头
U+27A1	➡	向右箭头 向右 箭头 右 右箭头
U+2198	↘	右下箭头 右下 箭头
U+2B07	⬇	向下箭头 向下 箭头 下 下箭头
U+2199	↙	左下箭头 左下 西南 箭头
U+2B05	⬅	向左箭头 向左 箭头 左
U+2196	↖	左上箭头 左上 西北 箭头
U+2195	↕	上下箭头 上下 箭头
U+2194	↔	左右箭头 左右 箭头
U+21A9	↩	右转弯箭头 右转弯 箭头 回车
U+21AA	↪	左转弯箭头 左转弯 箭头
U+2934	⤴	右上弯箭头 右上弯 箭头
U+2935	⤵	右下弯箭头 右下弯 箭头
U+1F503	🔃	顺时针垂直箭头 顺时针 重新载入 顺时针方向 箭头
U+1F504	🔄	逆时针箭头按钮 逆时针 循环 绕 绕圈 逆时针垂直箭头 逆时针方向 箭头
U+1F519	🔙	返回箭头 返回 回退 退回 箭头
U+1F51A	🔚	结束箭头 结束 箭头
U+1F51B	🔛	onon 开启 开始 箭头
U+1F51C	🔜	soon 马上 箭头
U+1F51D	🔝	置顶 箭头
U+1F6D0	🛐	宗教场所 宗教 地点 礼拜 祈祷 祷告
U+269B	⚛	原子符号 原子 无神论 物质
U+1F549	🕉	奥姆 印度 奥姆符号
U+2721	✡	六芒星 犹太 大卫之星
U+2638	☸	法轮 达摩 达摩法轮
U+262F	☯	阴阳 太极 道教
U+271D	✝	十字架 天主教 基督 基督教
U+2626	☦	东正教十字架 十字架 东正教 东正教十字 十字
U+262A	☪	星月 伊斯兰 清真 穆斯林 星和新月
U+262E	☮	和平符号 和平 世界和平
U+1F54E	🕎	烛台 光明节
U+1F52F	🔯	带中间点的六芒星 六芒星 六角星 命运 魔法阵
U+1FAAF	🪯	坎达 坎达符号 锡克 锡克教
U+2648	♈	白羊座 十二星座 公羊
U+2649	♉	金牛座 十二星座 公牛
U+264A	♊	双子座 十二星座
U+264B	♋	巨蟹座 十二星座 螃蟹
U+264C	♌	狮子座 十二星座 雄狮
U+264D	♍	处女座 十二星座
U+264E	♎	天秤座 十二星座 正义
U+264F	♏	天蝎座 十二星座
U+2650	♐	射手座 十二星座 弓箭手
U+2651	♑	摩羯座 十二星座 山羊
U+2652	♒	水瓶座 十二星座
U+2653	♓	双鱼座 十二星座
U+26CE	⛎	蛇夫座 十二星座
U+1F500	🔀	随机播放音轨按钮 随机播放 交叉 交叉箭头 打乱 随机
U+1F501	🔁	重复按钮 重复 循环播放 重放 顺时针
U+1F502	🔂	重复一次按钮 重复一次 重复 单曲循环 顺时针
U+25B6	▶	播放按钮 播放 开始 开始播放 三角形 实心右指三角
U+23E9	⏩	快进按钮 快进 快进符号 快速
U+23ED	⏭	下一个音轨按钮 下一曲 往后 下一首
U+23EF	⏯	播放或暂停按钮 播放暂停
U+25C0	◀	倒退按钮 倒退 后退 返回键 三角形 实心左指三角
U+23EA	⏪	快退按钮 快退 倒回 快退符号
U+23EE	⏮	上一个音轨按钮 上一曲 上一首
U+1F53C	🔼	向上三角形按钮 向上 上三角 往上 调高
U+23EB	⏫	快速上升按钮 向上 快速上升 快上
U+1F53D	🔽	向下三角形按钮 向下 下三角 往下 调低
U+23EC	⏬	快速下降按钮 向下 快速下降 快下
U+23F8	⏸	暂停按钮 暂停 停止
U+23F9	⏹	停止按钮 停止 终止
U+23FA	⏺	录制按钮 录制 开始录像 开始录音 录像按钮 录音按钮
U+23CF	⏏	推出按钮 推出 弹出 退出 弹出按钮
U+1F3A6	🎦	电影院 影片
U+1F505	🔅	低亮度按钮 低亮度 亮度低 昏暗
U+1F506	🔆	高亮度按钮 高亮度 亮度高 明亮
U+1F4F6	📶	信号强度条 信号 信号强度 天线 手机信号
U+1F6DC	🛜	无线 信号 无线局域网 无线网 无线网络
U+1F4F3	📳	振动模式 振动 震动
U+1F4F4	📴	手机关机 关机 关闭 关闭手机
U+2640	♀	女性符号 女性 女 雌性
U+2642	♂	男性符号 男性 男 雄性
U+26A7	⚧	跨性别符号 跨性别 变性 带粗线的雄性与雌雄 雌雄
U+2716	✖	乘 乘号 相乘 乘以 叉 错
U+2795	➕	加 加号 十字 相加
U+2796	➖	减 减号 横线
U+2797	➗	除 除号 相除 除以
U+1F7F0	🟰	粗等号 等于 等于号
U+267E	♾	无穷大 无穷 宇宙 无限 永恒 永久性纸
U+203C	‼	双感叹号 感叹号 俩叹号 双叹号 双惊叹号
U+2049	⁉	叹号问号 叹问号 惊问 感叹号 感叹号问号 感叹疑问号 疑问惊叹 疑问惊叹号
U+2753	❓	红色问号 问号 为什么
U+2754	❔	白色问号 问号 为什么 白问号 空心
U+2755	❕	白色感叹号 感叹号 惊叹号 白叹号 白惊叹号 白感叹号 白色叹号 白色惊叹号 空心
U+2757	❗	红色感叹号 感叹号 惊叹号
U+3030	〰	波浪型破折号 破折号 浪花 波浪线
U+1F4B1	💱	货币兑换 货币 出国 外汇 换汇 汇率 流通
U+1F4B2	💲	粗美元符号 美元 价钱 货币 金钱
U+2695	⚕	医疗标志 医疗 医疗符号 单蛇之杖 蛇杖 阿斯克勒庇俄斯
U+267B	♻	回收标志 回收 再利用 循环 循环再生 循环利用 环保 再循环
U+269C	⚜	百合花饰 百合 鸢尾花 百合花
U+1F531	🔱	三叉戟徽章 三叉戟 三叉戟标志
U+1F4DB	📛	姓名牌 姓名 胸牌
U+1F530	🔰	日本新手驾驶标志 新手驾驶 日本初学者标志
U+2B55	⭕	红色空心圆圈 圆圈 圆 对 正确 环 答对 答对了
U+2705	✅	勾号按钮 对 勾 对号 对钩 正确 答对 答对了
U+2611	☑	勾选 勾选框 复选 复选按钮 复选框 打对钩 打钩 投票箱 带对钩的投票箱 对 勾
U+2714	✔	勾号 勾 对 勾选 对号 对钩 打勾 正确
U+274C	❌	叉号 错 错误 叉 叉叉 画叉 答错 答错了 错号
U+274E	❎	叉号按钮 叉 叉叉 取消 画叉 答错 答错了 错号 错误
U+27B0	➰	卷曲环
U+27BF	➿	双卷曲环 卷曲环
U+303D	〽	庵点 歌记号
U+2733	✳	八轮辐星号 星星
U+2734	✴	八角星 星星
U+2747	❇	火花 星星 闪耀
U+00A9	©	版权 版权符号
U+00AE	®	注册 注册商标 注册商标符号 注册标记
U+2122	™	商标 产品 商标符号
U+1FADF	🫟	溅洒
U+0023-FE0F-20E3	#️⃣	按键 井 井号键 井号 星号
U+002A-FE0F-20E3	*️⃣	按键 星 星号键 星号
U+0030-FE0F-20E3	0️⃣	按键 零 星号
U+0031-FE0F-20E3	1️⃣	按键 一 星号
U+0032-FE0F-20E3	2️⃣	按键 二 星号
U+0033-FE0F-20E3	3️⃣	按键 三 星号
U+0034-FE0F-20E3	4️⃣	按键 四 星号
U+0035-FE0F-20E3	5️⃣	按键 五 星号
U+0036-FE0F-20E3	6️⃣	按键 六 星号
U+0037-FE0F-20E3	7️⃣	按键 七 星号
U+0038-FE0F-20E3	8️⃣	按键 八 星号
U+0039-FE0F-20E3	9️⃣	按键 九 星号
U+1F51F	🔟	按键 十
U+1F520	🔠	输入大写拉丁字母 大写 大写字母 拉丁文 英文 英文大写 英语 输入法
U+1F521	🔡	输入小写拉丁字母 小写 小写字母 拉丁文 英文 英文小写 英语 输入法
U+1F522	🔢	输入数字 数字 一二三四
U+1F523	🔣	输入符号 符号 字符
U+1F524	🔤	输入拉丁字母 拉丁字母 拉丁文
U+1F170	🅰	血型 agtl
U+1F18E	🆎	血型 abgt
U+1F171	🅱	血型 bgtl
U+1F191	🆑	clcl 清理 清除
U+1F192	🆒	cool 很酷 特别酷 超酷
U+1F193	🆓	免费按钮 免费 free 不收费 自由
U+2139	ℹ	信息 查询 资料 资讯
U+1F194	🆔	idid 身份 身份证
U+24C2	Ⓜ	圆圈 mmmm 字母 地铁 圆圈同
U+1F195	🆕	new 全新 新建 新的
U+1F196	🆖	ngng 花絮 重拍
U+1F17E	🅾	血型 ogtl
U+1F197	🆗	okok 同意
U+1F17F	🅿	停车按钮 停车 停车场 泊车
U+1F198	🆘	sos 救命 救我 救救我 求救 求救信号 求救讯号
U+1F199	🆙	upup 升级 顶
U+1F19A	🆚	vsvs 对决 对战 对抗 比 比赛
U+1F201	🈁	这里 此处
U+1F202	🈂	服务费 小费
U+1F237	🈷	月总量 月 统计
U+1F236	🈶	收费 有 有料 费用
U+1F22F	🈯	预留 指 预订
U+1F250	🉐	议价 得 讨价还价
U+1F239	🈹	打折 割 折扣
U+1F21A	🈚	免费 无 没有
U+1F232	🈲	禁止 禁 严禁
U+1F251	🉑	可接受 可 可以 许可
U+1F238	🈸	申请 申
U+1F234	🈴	合格 合 通过
U+1F233	🈳	有空位 空
U+3297	㊗	祝贺 祝 祝福
U+3299	㊙	秘密 秘 保密
U+1F23A	🈺	开始营业 营 开门 开门营业
U+1F235	🈵	没有空位 满 满了 满座
U+1F534	🔴	红色圆 圆 圆圈 红色
U+1F7E0	🟠	橙色圆 圆 圆圈 橘色 橘黄色 橙色
U+1F7E1	🟡	黄色圆 圆 圆圈 黄色
U+1F7E2	🟢	绿色圆 圆 圆圈 绿色
U+1F535	🔵	蓝色圆 圆 圆圈 蓝色
U+1F7E3	🟣	紫色圆 圆 圆圈 紫色
U+1F7E4	🟤	棕色圆 圆 圆圈 棕色
U+26AB	⚫	黑色圆 圆 圆圈 围棋 圆形 小黑点 小黑点儿 黑子 黑棋 黑白棋 黑色 中等实心圆圈
U+26AA	⚪	白色圆 圆 圆圈 元宵 围棋 圆形 小圆点 小圆点儿 小白点 小白点儿 汤圆 白子 白棋 白色 雪球 黑白棋 中等空心圆圈
U+1F7E5	🟥	红色方块 方块 方框 红色
U+1F7E7	🟧	橙色方块 方块 方框 橘色 橘黄色 橙色
U+1F7E8	🟨	黄色方块 方块 方框 黄色
U+1F7E9	🟩	绿色方块 方块 方框 绿色
U+1F7E6	🟦	蓝色方块 方块 方框 蓝色
U+1F7EA	🟪	紫色方块 方块 方框 紫色
U+1F7EB	🟫	棕色方块 方块 方框 棕色
U+2B1B	⬛	黑线大方框 方块 方框 小黑框 方形 正方形 矩形 黑色
U+2B1C	⬜	白线大方框 方块 方框 小白框 方形 正方形 白色 矩形
U+25FC	◼	黑色中方块 方块 方框 中正方形 中等方块 中等正方形 白色中方块 白色中等方块 实心中等方形
U+25FB	◻	白色中方块 方块 方框 中正方形 中等方块 中等正方形 黑色中方块 黑色中等方块 空心中等方形
U+25FE	◾	黑色中小方块 方块 方框 大方块 大正方形 白色大方块 实心中小方形
U+25FD	◽	白色中小方块 方块 方框 大方块 大正方形 黑色大方块 空心中小方形
U+25AA	▪	黑色小方块 方块 方框 小正方形 白色小方块 实心小型方形
U+25AB	▫	白色小方块 方块 方框 小正方形 黑色小方块 空心小型方形
U+1F536	🔶	橙色大菱形 菱形 方片 橘色大菱形 橘色菱形 橘黄色大菱形 橘黄色菱形 橙色菱形
U+1F537	🔷	蓝色大菱形 菱形 蓝色菱形
U+1F538	🔸	橙色小菱形 菱形 小方片 橘色小菱形 橘黄色小菱形
U+1F539	🔹	蓝色小菱形 菱形 小方片
U+1F53A	🔺	红色正三角 三角形
U+1F53B	🔻	红色倒三角 三角形
U+1F4A0	💠	带圆点的菱形 菱形 中心 内部
U+1F518	🔘	单选按钮 单选 按钮 单独 单选框 圆心 选中
U+1F533	🔳	白色方形按钮 按钮 白线方形按钮 白线正方形按钮 白色正方形按钮 白边线方形按钮 白边线正方形按钮
U+1F532	🔲	黑色方形按钮 按钮 黑线方形按钮 黑线正方形按钮 黑色正方形按钮 黑边线方形按钮 黑边线正方形按钮
U+1F3C1	🏁	终点旗 终点 格子旗
U+1F6A9	🚩	三角旗 旗子 旗帜 旗杆上的三角旗 旗杆上的旗帜 红色旗帜
U+1F38C	🎌	交叉旗 旗帜
U+1F3F4	🏴	举黑旗 黑旗 黑色旗 黑色旗子 黑色旗帜
U+1F3F3	🏳	白旗 举白旗 投降 白色旗子 白色旗帜 认输 认输了
U+1F3F3-FE0F-200D-1F308	🏳️‍🌈	彩虹旗 同性旗
U+1F3F3-FE0F-200D-26A7-FE0F	🏳️‍⚧️	跨性别旗 跨性别
U+1F3F4-200D-2620-FE0F	🏴‍☠️	海盗旗 海盗 海贼 海贼旗
U+1F1E6-1F1E8	🇦🇨	阿森松岛 阿森松
U+1F1E6-1F1E9	🇦🇩	安道尔 安道尔公国
U+1F1E6-1F1EA	🇦🇪	阿拉伯联合酋长国 阿拉伯 阿联酋
U+1F1E6-1F1EB	🇦🇫	阿富汗
U+1F1E6-1F1EC	🇦🇬	安提瓜和巴布达 安巴
U+1F1E6-1F1EE	🇦🇮	安圭拉
U+1F1E6-1F1F1	🇦🇱	阿尔巴尼亚 阿尔巴尼亚共和国
U+1F1E6-1F1F2	🇦🇲	亚美尼亚 亚美尼亚共和国
U+1F1E6-1F1F4	🇦🇴	安哥拉 安哥拉共和国
U+1F1E6-1F1F6	🇦🇶	南极洲
U+1F1E6-1F1F7	🇦🇷	阿根廷 阿根廷共和国
U+1F1E6-1F1F8	🇦🇸	美属萨摩亚 东萨摩亚 美属萨摩亚群岛
U+1F1E6-1F1F9	🇦🇹	奥地利 奥地利共和国
U+1F1E6-1F1FA	🇦🇺	澳大利亚 澳大利亚联邦 澳洲
U+1F1E6-1F1FC	🇦🇼	阿鲁巴
U+1F1E6-1F1FD	🇦🇽	奥兰群岛 奥兰 阿赫韦南马
U+1F1E6-1F1FF	🇦🇿	阿塞拜疆 阿塞拜疆共和国
U+1F1E7-1F1E6	🇧🇦	波斯尼亚和黑塞哥维那 波黑
U+1F1E7-1F1E7	🇧🇧	巴巴多斯
U+1F1E7-1F1E9	🇧🇩	孟加拉国 孟加拉
U+1F1E7-1F1EA	🇧🇪	比利时 比利时王国
U+1F1E7-1F1EB	🇧🇫	布基纳法索
U+1F1E7-1F1EC	🇧🇬	保加利亚 保加利亚共和国
U+1F1E7-1F1ED	🇧🇭	巴林 巴林王国
U+1F1E7-1F1EE	🇧🇮	布隆迪 布隆迪共和国
U+1F1E7-1F1EF	🇧🇯	贝宁 贝宁共和国
U+1F1E7-1F1F1	🇧🇱	圣巴泰勒米
U+1F1E7-1F1F2	🇧🇲	百慕大
U+1F1E7-1F1F3	🇧🇳	文莱 文莱达鲁萨兰国
U+1F1E7-1F1F4	🇧🇴	玻利维亚 多民族玻利维亚国
U+1F1E7-1F1F6	🇧🇶	荷属加勒比区 荷兰加勒比
U+1F1E7-1F1F7	🇧🇷	巴西 巴西联邦 巴西联邦共和国
U+1F1E7-1F1F8	🇧🇸	巴哈马 巴哈马国
U+1F1E7-1F1F9	🇧🇹	不丹 不丹王国
U+1F1E7-1F1FB	🇧🇻	布韦岛 布维岛
U+1F1E7-1F1FC	🇧🇼	博茨瓦纳 博茨瓦纳共和国
U+1F1E7-1F1FE	🇧🇾	白俄罗斯 白俄
U+1F1E7-1F1FF	🇧🇿	伯利兹
U+1F1E8-1F1E6	🇨🇦	加拿大
U+1F1E8-1F1E8	🇨🇨	科科斯（基林）群岛 科科斯 科科斯群岛
U+1F1E8-1F1E9	🇨🇩	刚果（金） 刚果 刚果金
U+1F1E8-1F1EB	🇨🇫	中非共和国 中非
U+1F1E8-1F1EC	🇨🇬	刚果（布） 刚果 刚果布
U+1F1E8-1F1ED	🇨🇭	瑞士 瑞士联邦
U+1F1E8-1F1EE	🇨🇮	科特迪瓦 科特迪瓦共和国
U+1F1E8-1F1F0	🇨🇰	库克群岛
U+1F1E8-1F1F1	🇨🇱	智利 智利共和国
U+1F1E8-1F1F2	🇨🇲	喀麦隆 喀麦隆共和国
U+1F1E8-1F1F3	🇨🇳	中国 中华人民共和国 五星红旗
U+1F1E8-1F1F4	🇨🇴	哥伦比亚 哥伦比亚共和国
U+1F1E8-1F1F5	🇨🇵	克利珀顿岛
U+1F1E8-1F1F6	🇨🇶	萨克
U+1F1E8-1F1F7	🇨🇷	哥斯达黎加 哥斯达黎加共和国
U+1F1E8-1F1FA	🇨🇺	古巴 古巴共和国
U+1F1E8-1F1FB	🇨🇻	佛得角 佛得角共和国
U+1F1E8-1F1FC	🇨🇼	库拉索
U+1F1E8-1F1FD	🇨🇽	圣诞岛
U+1F1E8-1F1FE	🇨🇾	塞浦路斯 塞浦路斯共和国
U+1F1E8-1F1FF	🇨🇿	捷克 捷克共和国
U+1F1E9-1F1EA	🇩🇪	德国 德意志 德意志联邦 德意志联邦共和国
U+1F1E9-1F1EC	🇩🇬	迪戈加西亚岛 迪戈加西亚
U+1F1E9-1F1EF	🇩🇯	吉布提 吉布提共和国
U+1F1E9-1F1F0	🇩🇰	丹麦
U+1F1E9-1F1F2	🇩🇲	多米尼克 多米尼克国 多米尼加
U+1F1E9-1F1F4	🇩🇴	多米尼加共和国 多明尼加共和国
U+1F1E9-1F1FF	🇩🇿	阿尔及利亚 阿尔及利亚民主人民共和国
U+1F1EA-1F1E6	🇪🇦	休达及梅利利亚 休达 休达和梅利利亚
U+1F1EA-1F1E8	🇪🇨	厄瓜多尔 厄瓜多尔共和国
U+1F1EA-1F1EA	🇪🇪	爱沙尼亚 爱沙尼亚共和国
U+1F1EA-1F1EC	🇪🇬	埃及
U+1F1EA-1F1ED	🇪🇭	西撒哈拉
U+1F1EA-1F1F7	🇪🇷	厄立特里亚 厄立特里亚国
U+1F1EA-1F1F8	🇪🇸	西班牙 西班牙王国
U+1F1EA-1F1F9	🇪🇹	埃塞俄比亚 埃塞俄比亚联邦民主共和国
U+1F1EA-1F1FA	🇪🇺	欧盟 欧洲联盟
U+1F1EB-1F1EE	🇫🇮	芬兰 芬兰共和国
U+1F1EB-1F1EF	🇫🇯	斐济 斐济共和国
U+1F1EB-1F1F0	🇫🇰	福克兰群岛 马尔维纳斯群岛
U+1F1EB-1F1F2	🇫🇲	密克罗尼西亚
U+1F1EB-1F1F4	🇫🇴	法罗群岛
U+1F1EB-1F1F7	🇫🇷	法国 法兰西 法兰西共和国
U+1F1EC-1F1E6	🇬🇦	加蓬
U+1F1EC-1F1E7	🇬🇧	英国 大不列颠及北爱尔兰联合王国 英伦
U+1F1EC-1F1E9	🇬🇩	格林纳达
U+1F1EC-1F1EA	🇬🇪	格鲁吉亚
U+1F1EC-1F1EB	🇬🇫	法属圭亚那
U+1F1EC-1F1EC	🇬🇬	根西岛
U+1F1EC-1F1ED	🇬🇭	加纳 加纳共和国
U+1F1EC-1F1EE	🇬🇮	直布罗陀
U+1F1EC-1F1F1	🇬🇱	格陵兰
U+1F1EC-1F1F2	🇬🇲	冈比亚 冈比亚共和国
U+1F1EC-1F1F3	🇬🇳	几内亚 几内亚共和国
U+1F1EC-1F1F5	🇬🇵	瓜德罗普 瓜德罗普岛
U+1F1EC-1F1F6	🇬🇶	赤道几内亚
U+1F1EC-1F1F7	🇬🇷	希腊 希腊共和国
U+1F1EC-1F1F8	🇬🇸	南乔治亚和南桑威奇群岛 南乔治亚岛和南桑威奇群岛
U+1F1EC-1F1F9	🇬🇹	危地马拉
U+1F1EC-1F1FA	🇬🇺	关岛
U+1F1EC-1F1FC	🇬🇼	几内亚比绍 几内亚比绍共和国
U+1F1EC-1F1FE	🇬🇾	圭亚那 圭亚那合作共和国
U+1F1ED-1F1F0	🇭🇰	中国香港特别行政区 中国香港
U+1F1ED-1F1F2	🇭🇲	赫德岛和麦克唐纳群岛 赫德与麦克唐纳群岛
U+1F1ED-1F1F3	🇭🇳	洪都拉斯 洪都拉斯共和国
U+1F1ED-1F1F7	🇭🇷	克罗地亚 克罗地亚共和国
U+1F1ED-1F1F9	🇭🇹	海地 海地共和国
U+1F1ED-1F1FA	🇭🇺	匈牙利
U+1F1EE-1F1E8	🇮🇨	加纳利群岛 加那利群岛
U+1F1EE-1F1E9	🇮🇩	印度尼西亚 印尼 印度尼西亚共和国
U+1F1EE-1F1EA	🇮🇪	爱尔兰 爱尔兰共和国
U+1F1EE-1F1F1	🇮🇱	以色列 以色列国
U+1F1EE-1F1F2	🇮🇲	马恩岛
U+1F1EE-1F1F3	🇮🇳	印度 印度共和国
U+1F1EE-1F1F4	🇮🇴	英属印度洋领地
U+1F1EE-1F1F6	🇮🇶	伊拉克 伊拉克共和国
U+1F1EE-1F1F7	🇮🇷	伊朗 伊朗伊斯兰共和国
U+1F1EE-1F1F8	🇮🇸	冰岛
U+1F1EE-1F1F9	🇮🇹	意大利 意大利共和国
U+1F1EF-1F1EA	🇯🇪	泽西岛 泽西
U+1F1EF-1F1F2	🇯🇲	牙买加
U+1F1EF-1F1F4	🇯🇴	约旦 约旦哈希姆王国
U+1F1EF-1F1F5	🇯🇵	日本 日本国
U+1F1F0-1F1EA	🇰🇪	肯尼亚 肯尼亚共和国
U+1F1F0-1F1EC	🇰🇬	吉尔吉斯斯坦 吉尔吉斯共和国
U+1F1F0-1F1ED	🇰🇭	柬埔寨 柬埔寨王国
U+1F1F0-1F1EE	🇰🇮	基里巴斯 基里巴斯共和国
U+1F1F0-1F1F2	🇰🇲	科摩罗 科摩罗联盟
U+1F1F0-1F1F3	🇰🇳	圣基茨和尼维斯
U+1F1F0-1F1F5	🇰🇵	朝鲜 北朝鲜 北韩
U+1F1F0-1F1F7	🇰🇷	韩国 南朝鲜 南韩
U+1F1F0-1F1FC	🇰🇼	科威特 科威特国
U+1F1F0-1F1FE	🇰🇾	开曼群岛
U+1F1F0-1F1FF	🇰🇿	哈萨克斯坦 哈萨克斯坦共和国
U+1F1F1-1F1E6	🇱🇦	老挝 老挝人民民主共和国
U+1F1F1-1F1E7	🇱🇧	黎巴嫩 黎巴嫩共和国
U+1F1F1-1F1E8	🇱🇨	圣卢西亚
U+1F1F1-1F1EE	🇱🇮	列支敦士登 列支敦士登公国
U+1F1F1-1F1F0	🇱🇰	斯里兰卡 斯里兰卡民主社会主义共和国
U+1F1F1-1F1F7	🇱🇷	利比里亚 利比里亚共和国
U+1F1F1-1F1F8	🇱🇸	莱索托 莱索托王国
U+1F1F1-1F1F9	🇱🇹	立陶宛 立陶宛共和国
U+1F1F1-1F1FA	🇱🇺	卢森堡 卢森堡大公国
U+1F1F1-1F1FB	🇱🇻	拉脱维亚 拉脱维亚共和国
U+1F1F1-1F1FE	🇱🇾	利比亚 利比亚国
U+1F1F2-1F1E6	🇲🇦	摩洛哥 摩洛哥王国
U+1F1F2-1F1E8	🇲🇨	摩纳哥 摩纳哥公国
U+1F1F2-1F1E9	🇲🇩	摩尔多瓦 摩尔多瓦共和国
U+1F1F2-1F1EA	🇲🇪	黑山
U+1F1F2-1F1EB	🇲🇫	法属圣马丁
U+1F1F2-1F1EC	🇲🇬	马达加斯加 马达加斯加共和国
U+1F1F2-1F1ED	🇲🇭	马绍尔群岛
U+1F1F2-1F1F0	🇲🇰	北马其顿 北马其顿共和国
U+1F1F2-1F1F1	🇲🇱	马里 马里共和国
U+1F1F2-1F1F2	🇲🇲	缅甸 缅甸联邦 缅甸联邦共和国
U+1F1F2-1F1F3	🇲🇳	蒙古 蒙古国
U+1F1F2-1F1F4	🇲🇴	中国澳门特别行政区 中国澳门
U+1F1F2-1F1F5	🇲🇵	北马里亚纳群岛
U+1F1F2-1F1F6	🇲🇶	马提尼克 马提尼克岛
U+1F1F2-1F1F7	🇲🇷	毛里塔尼亚 毛里塔尼亚伊斯兰共和国
U+1F1F2-1F1F8	🇲🇸	蒙特塞拉特
U+1F1F2-1F1F9	🇲🇹	马耳他 马耳他共和国
U+1F1F2-1F1FA	🇲🇺	毛里求斯 毛里求斯共和国
U+1F1F2-1F1FB	🇲🇻	马尔代夫 马尔代夫共和国
U+1F1F2-1F1FC	🇲🇼	马拉维 马拉维共和国
U+1F1F2-1F1FD	🇲🇽	墨西哥 墨西哥合众国
U+1F1F2-1F1FE	🇲🇾	马来西亚
U+1F1F2-1F1FF	🇲🇿	莫桑比克 莫桑比克共和国
U+1F1F3-1F1E6	🇳🇦	纳米比亚 纳米比亚共和国
U+1F1F3-1F1E8	🇳🇨	新喀里多尼亚
U+1F1F3-1F1EA	🇳🇪	尼日尔 尼日尔共和国
U+1F1F3-1F1EB	🇳🇫	诺福克岛
U+1F1F3-1F1EC	🇳🇬	尼日利亚 尼日利亚联邦 尼日利亚联邦共和国
U+1F1F3-1F1EE	🇳🇮	尼加拉瓜 尼加拉瓜共和国
U+1F1F3-1F1F1	🇳🇱	荷兰 尼德兰
U+1F1F3-1F1F4	🇳🇴	挪威 挪威王国
U+1F1F3-1F1F5	🇳🇵	尼泊尔
U+1F1F3-1F1F7	🇳🇷	瑙鲁 瑙鲁共和国
U+1F1F3-1F1FA	🇳🇺	纽埃
U+1F1F3-1F1FF	🇳🇿	新西兰
U+1F1F4-1F1F2	🇴🇲	阿曼 阿曼苏丹国
U+1F1F5-1F1E6	🇵🇦	巴拿马 巴拿马共和国
U+1F1F5-1F1EA	🇵🇪	秘鲁 秘鲁共和国
U+1F1F5-1F1EB	🇵🇫	法属波利尼西亚
U+1F1F5-1F1EC	🇵🇬	巴布亚新几内亚 巴布亚新几内亚独立国
U+1F1F5-1F1ED	🇵🇭	菲律宾 菲律宾共和国
U+1F1F5-1F1F0	🇵🇰	巴基斯坦 巴基斯坦伊斯兰共和国
U+1F1F5-1F1F1	🇵🇱	波兰 波兰共和国
U+1F1F5-1F1F2	🇵🇲	圣皮埃尔和密克隆群岛
U+1F1F5-1F1F3	🇵🇳	皮特凯恩群岛
U+1F1F5-1F1F7	🇵🇷	波多黎各
U+1F1F5-1F1F8	🇵🇸	巴勒斯坦领土 巴勒斯坦
U+1F1F5-1F1F9	🇵🇹	葡萄牙 葡萄牙共和国
U+1F1F5-1F1FC	🇵🇼	帕劳 帕劳共和国
U+1F1F5-1F1FE	🇵🇾	巴拉圭 巴拉圭共和国
U+1F1F6-1F1E6	🇶🇦	卡塔尔 卡塔尔国
U+1F1F7-1F1EA	🇷🇪	留尼汪
U+1F1F7-1F1F4	🇷🇴	罗马尼亚
U+1F1F7-1F1F8	🇷🇸	塞尔维亚 塞尔维亚共和国
U+1F1F7-1F1FA	🇷🇺	俄罗斯 俄国 俄罗斯联邦
U+1F1F7-1F1FC	🇷🇼	卢旺达 卢旺达共和国
U+1F1F8-1F1E6	🇸🇦	沙特阿拉伯 沙特 沙特阿拉伯王国
U+1F1F8-1F1E7	🇸🇧	所罗门群岛
U+1F1F8-1F1E8	🇸🇨	塞舌尔 塞舌尔共和国
U+1F1F8-1F1E9	🇸🇩	苏丹 苏丹共和国
U+1F1F8-1F1EA	🇸🇪	瑞典 瑞典王国
U+1F1F8-1F1EC	🇸🇬	新加坡 新加坡共和国
U+1F1F8-1F1ED	🇸🇭	圣赫勒拿
U+1F1F8-1F1EE	🇸🇮	斯洛文尼亚 斯洛文尼亚共和国
U+1F1F8-1F1EF	🇸🇯	斯瓦尔巴和扬马延 斯瓦尔巴群岛和扬马延
U+1F1F8-1F1F0	🇸🇰	斯洛伐克 斯洛伐克共和国
U+1F1F8-1F1F1	🇸🇱	塞拉利昂 塞拉利昂共和国
U+1F1F8-1F1F2	🇸🇲	圣马力诺 圣马力诺共和国
U+1F1F8-1F1F3	🇸🇳	塞内加尔 塞内加尔共和国
U+1F1F8-1F1F4	🇸🇴	索马里 索马里联邦 索马里联邦共和国
U+1F1F8-1F1F7	🇸🇷	苏里南 苏里南共和国
U+1F1F8-1F1F8	🇸🇸	南苏丹 南苏丹共和国
U+1F1F8-1F1F9	🇸🇹	圣多美和普林西比 圣多美和普林西比民主共和国
U+1F1F8-1F1FB	🇸🇻	萨尔瓦多 萨尔瓦多共和国
U+1F1F8-1F1FD	🇸🇽	荷属圣马丁 圣马丁岛
U+1F1F8-1F1FE	🇸🇾	叙利亚 叙利亚共和国 阿拉伯叙利亚共和国
U+1F1F8-1F1FF	🇸🇿	斯威士兰 斯威士兰王国
U+1F1F9-1F1E6	🇹🇦	特里斯坦-达库尼亚群岛 特里斯坦–达库尼亚 特里斯坦–达库尼亚群岛 特里斯坦达库尼亚群岛
U+1F1F9-1F1E8	🇹🇨	特克斯和凯科斯群岛
U+1F1F9-1F1E9	🇹🇩	乍得 乍得共和国
U+1F1F9-1F1EB	🇹🇫	法属南部领地 法国南方的领土
U+1F1F9-1F1EC	🇹🇬	多哥 多哥共和国
U+1F1F9-1F1ED	🇹🇭	泰国 暹罗 泰王国
U+1F1F9-1F1EF	🇹🇯	塔吉克斯坦 塔吉克斯坦共和国
U+1F1F9-1F1F0	🇹🇰	托克劳
U+1F1F9-1F1F1	🇹🇱	东帝汶 东帝汶民主共和国
U+1F1F9-1F1F2	🇹🇲	土库曼斯坦
U+1F1F9-1F1F3	🇹🇳	突尼斯 突尼斯共和国
U+1F1F9-1F1F4	🇹🇴	汤加 汤加王国
U+1F1F9-1F1F7	🇹🇷	土耳其 土耳其共和国
U+1F1F9-1F1F9	🇹🇹	特立尼达和多巴哥 特立尼达和多巴哥共和国
U+1F1F9-1F1FB	🇹🇻	图瓦卢
U+1F1F9-1F1FF	🇹🇿	坦桑尼亚 坦桑尼亚联合共和国
U+1F1FA-1F1E6	🇺🇦	乌克兰
U+1F1FA-1F1EC	🇺🇬	乌干达 乌干达共和国
U+1F1FA-1F1F2	🇺🇲	美国本土外小岛屿 美国离岛
U+1F1FA-1F1F3	🇺🇳	联合国
U+1F1FA-1F1F8	🇺🇸	美国 星条旗 美利坚 美利坚合众国
U+1F1FA-1F1FE	🇺🇾	乌拉圭 乌拉圭东岸共和国
U+1F1FA-1F1FF	🇺🇿	乌兹别克斯坦 乌兹别克斯坦共和国
U+1F1FB-1F1E6	🇻🇦	梵蒂冈 梵蒂冈城 梵蒂冈城国
U+1F1FB-1F1E8	🇻🇨	圣文森特和格林纳丁斯
U+1F1FB-1F1EA	🇻🇪	委内瑞拉 委内瑞拉玻利瓦尔共和国
U+1F1FB-1F1EC	🇻🇬	英属维尔京群岛
U+1F1FB-1F1EE	🇻🇮	美属维尔京群岛
U+1F1FB-1F1F3	🇻🇳	越南 越南社会主义共和国
U+1F1FB-1F1FA	🇻🇺	瓦努阿图 瓦努阿图共和国
U+1F1FC-1F1EB	🇼🇫	瓦利斯和富图纳 瓦利斯和富图纳群岛
U+1F1FC-1F1F8	🇼🇸	萨摩亚 萨摩亚独立国
U+1F1FD-1F1F0	🇽🇰	科索沃 科索沃共和国
U+1F1FE-1F1EA	🇾🇪	也门 也门共和国
U+1F1FE-1F1F9	🇾🇹	马约特
U+1F1FF-1F1E6	🇿🇦	南非 南非共和国
U+1F1FF-1F1F2	🇿🇲	赞比亚 赞比亚共和国
U+1F1FF-1F1FC	🇿🇼	津巴布韦 津巴布韦共和国
U+1F3F4-E0067-E0062-E0065-E006E-E0067-E007F	🏴󠁧󠁢󠁥󠁮󠁧󠁿	英格兰
U+1F3F4-E0067-E0062-E0073-E0063-E0074-E007F	🏴󠁧󠁢󠁳󠁣󠁴󠁿	苏格兰
U+1F3F4-E0067-E0062-E0077-E006C-E0073-E007F	🏴󠁧󠁢󠁷󠁬󠁳󠁿	威尔士
U+1F1F9-1F1FC	🇹🇼	中华民国 台湾 中国台湾
U+1F468-1F3FF	👨🏿	黑人
U+1F9D4-1F3FB-200D-2642-FE0F	🧔🏻‍♂️	胡子
